bandiera,bandiera_normalized,canonical_name,group,n_obs
Agip Eni,agip eni,Agip Eni,Majors,133013
Api-Ip,api ip,Api-Ip,Majors,123334
Pompe Bianche,pompe bianche,Pompe Bianche,Pompe Bianche,108226
Q8,q8,Q8,Majors,87009
Esso,esso,Esso,Large,69930
Tamoil,tamoil,Tamoil,Large,47547
Europam,europam,Europam,Pompe Bianche,6803
Retitalia,retitalia,Retitalia,Pompe Bianche,6327
Shell,shell,Shell,Large,4980
Energas,energas,Energas,Pompe Bianche,4931
Giap,giap,Giap,Pompe Bianche,4521
KEROPETROL,keropetrol,KEROPETROL,Pompe Bianche,4055
Vega,vega,Vega,Pompe Bianche,3660
Beyfin,beyfin,Beyfin,Pompe Bianche,3558
Costantin,costantin,Costantin,Pompe Bianche,3444
Toil,toil,Toil,Pompe Bianche,3392
Ala,ala,Ala,Pompe Bianche,3307
San Marco Petroli,san marco petroli,San Marco Petroli,Pompe Bianche,3119
Itala Petroli,itala petroli,Itala Petroli,Pompe Bianche,2788
Loro,loro,Loro,Pompe Bianche,2731
Sarni Oil,sarni oil,Sarni Oil,Pompe Bianche,2699
Ego,ego,Ego,Pompe Bianche,2643
Enerpetroli,enerpetroli,Enerpetroli,Pompe Bianche,2460
COIL,coil,COIL,Pompe Bianche,1948
Aquila,aquila,Aquila,Pompe Bianche,1872
Sia fuel,sia fuel,Sia fuel,Pompe Bianche,1844
Petrol Gamma,petrol gamma,Petrol Gamma,Pompe Bianche,1803
Sommese Petroli,sommese petroli,Sommese Petroli,Pompe Bianche,1589
CONAD,conad,CONAD,Pompe Bianche,1564
Lukoil,lukoil,Lukoil,Pompe Bianche,1554
AF Petroli,af petroli,AF Petroli,Pompe Bianche,1410
GNP,gnp,GNP,Pompe Bianche,1310
Oil Italia,oil italia,Oil Italia,Pompe Bianche,1220
Sicilpetroli,sicilpetroli,Sicilpetroli,Pompe Bianche,1148
EOS,eos,EOS,Pompe Bianche,1145
Nobile Oil,nobile oil,Nobile Oil,Pompe Bianche,1121
ICM,icm,ICM,Pompe Bianche,1080
SEPA,sepa,SEPA,Pompe Bianche,1079
Smaf,smaf,Smaf,Pompe Bianche,1024
Dill s,dill s,Dill s,Pompe Bianche,1022
Menga petroli,menga petroli,Menga petroli,Pompe Bianche,1021
Iblea Petroli,iblea petroli,Iblea Petroli,Pompe Bianche,1010
Simonetti Petroli,simonetti petroli,Simonetti Petroli,Pompe Bianche,990
BC,bc,BC,Pompe Bianche,984
Italiana Carburanti,italiana carburanti,Italiana Carburanti,Pompe Bianche,958
bpetrol,bpetrol,bpetrol,Pompe Bianche,937
Petrol Company,petrol company,Petrol Company,Pompe Bianche,931
DIS-CAR,dis car,DIS-CAR,Pompe Bianche,924
DBCarburanti,dbcarburanti,DBCarburanti,Pompe Bianche,921
Enercoop,enercoop,Enercoop,Pompe Bianche,892
Kerotris,kerotris,Kerotris,Pompe Bianche,854
Bianco Carburanti,bianco carburanti,Bianco Carburanti,Pompe Bianche,846
FLY,fly,FLY,Pompe Bianche,835
Socogas,socogas,Socogas,Pompe Bianche,817
Quattro Petroli,quattro petroli,Quattro Petroli,Pompe Bianche,810
357,357,357,Pompe Bianche,754
Noaloil,noaloil,Noaloil,Pompe Bianche,750
Acton1Q,acton1q,Acton1Q,Pompe Bianche,745
Centro Calor,centro calor,Centro Calor,Pompe Bianche,727
ISOLA GAS,isola gas,ISOLA GAS,Pompe Bianche,686
Energyca,energyca,Energyca,Pompe Bianche,672
Camer,camer,Camer,Pompe Bianche,660
SP Energia Siciliana,sp energia siciliana,SP Energia Siciliana,Pompe Bianche,660
AP,ap,AP,Pompe Bianche,648
Auchan,auchan,Auchan,Pompe Bianche,600
Fiamma 2000,fiamma 2000,Fiamma 2000,Pompe Bianche,584
Economysrl,economysrl,Economysrl,Pompe Bianche,575
PM,pm,PM,Pompe Bianche,510
Benza,benza,Benza,Pompe Bianche,510
Fast fuel group,fast fuel group,Fast fuel group,Pompe Bianche,510
ECOFUEL,ecofuel,ECOFUEL,Pompe Bianche,510
MyOil,myoil,MyOil,Pompe Bianche,505
4.0,4 0,4.0,Pompe Bianche,501
AZZALINI ENERGIE,azzalini energie,AZZALINI ENERGIE,Pompe Bianche,487
7sette,7sette,7sette,Pompe Bianche,480
Beneco,beneco,Beneco,Pompe Bianche,451
Repsol,repsol,Repsol,Pompe Bianche,450
Iper Station,iper station,Iper Station,Pompe Bianche,450
B+,b,B+,Pompe Bianche,448
GO,go,GO,Pompe Bianche,420
TIBER,tiber,TIBER,Pompe Bianche,417
FulgorOil,fulgoroil,FulgorOil,Pompe Bianche,390
Moro,moro,Moro,Pompe Bianche,388
GAN,gan,GAN,Pompe Bianche,380
CP,cp,CP,Pompe Bianche,360
Gep carburanti,gep carburanti,Gep carburanti,Pompe Bianche,360
Economy,economy,Economy,Pompe Bianche,360
AVIA,avia,AVIA,Pompe Bianche,360
Edison metano,edison metano,Edison metano,Pompe Bianche,354
Firmin,firmin,Firmin,Pompe Bianche,330
Edra Energia,edra energia,Edra Energia,Pompe Bianche,330
Bogoni,bogoni,Bogoni,Pompe Bianche,330
OK energie,ok energie,OK energie,Pompe Bianche,330
Kostner,kostner,Kostner,Pompe Bianche,300
Ernesto Rondini,ernesto rondini,Ernesto Rondini,Pompe Bianche,300
SACED,saced,SACED,Pompe Bianche,300
Metanauto Group,metanauto group,Metanauto Group,Pompe Bianche,300
MacMarchettiCarburanti,macmarchetticarburanti,MacMarchettiCarburanti,Pompe Bianche,300
FGS,fgs,FGS,Pompe Bianche,298
GasAuto,gasauto,GasAuto,Pompe Bianche,286
SACOM,sacom,SACOM,Pompe Bianche,275
Interpetrol,interpetrol,Interpetrol,Pompe Bianche,270
Piccini Fuels,piccini fuels,Piccini Fuels,Pompe Bianche,270
fstation,fstation,fstation,Pompe Bianche,270
Gaffoil,gaffoil,Gaffoil,Pompe Bianche,270
PetrolPicena,petrolpicena,PetrolPicena,Pompe Bianche,270
Delta energy,delta energy,Delta energy,Pompe Bianche,270
TaOil,taoil,TaOil,Pompe Bianche,270
UP,up,UP,Pompe Bianche,266
ACI,aci,ACI,Pompe Bianche,265
Trivengas,trivengas,Trivengas,Pompe Bianche,263
Zannoni,zannoni,Zannoni,Pompe Bianche,240
LEONE,leone,LEONE,Pompe Bianche,240
ValliCarburanti,vallicarburanti,ValliCarburanti,Pompe Bianche,240
Cancellieri carburanti,cancellieri carburanti,Cancellieri carburanti,Pompe Bianche,240
Adamo Idrocarburi,adamo idrocarburi,Adamo Idrocarburi,Pompe Bianche,240
PETROLITALIA,petrolitalia,PETROLITALIA,Pompe Bianche,231
Carrefour,carrefour,Carrefour,Pompe Bianche,213
CarburantiVecchietti,carburantivecchietti,CarburantiVecchietti,Pompe Bianche,210
LFC PETROLI,lfc petroli,LFC PETROLI,Pompe Bianche,210
Ies,ies,Ies,Pompe Bianche,210
Ratti,ratti,Ratti,Pompe Bianche,210
carburanti discount,carburanti discount,carburanti discount,Pompe Bianche,210
LP Carburanti,lp carburanti,LP Carburanti,Pompe Bianche,209
AP Stazioni di Servizio,ap stazioni di servizio,AP Stazioni di Servizio,Pompe Bianche,204
Carriero Energy,carriero energy,Carriero Energy,Pompe Bianche,180
Reno Gas Energy,reno gas energy,Reno Gas Energy,Pompe Bianche,180
Catria Energy,catria energy,Catria Energy,Pompe Bianche,180
Gamma Petroli,gamma petroli,Gamma Petroli,Pompe Bianche,180
GABOGAS2,gabogas2,GABOGAS2,Pompe Bianche,180
Blanco petroli,blanco petroli,Blanco petroli,Pompe Bianche,180
Gatti carburanti,gatti carburanti,Gatti carburanti,Pompe Bianche,177
VULCANGAS,vulcangas,VULCANGAS,Pompe Bianche,152
Piccini Energy,piccini energy,Piccini Energy,Pompe Bianche,150
CENTRALE METANO FOLIGNO,centrale metano foligno,CENTRALE METANO FOLIGNO,Pompe Bianche,150
Restiani,restiani,Restiani,Pompe Bianche,150
Perin,perin,Perin,Pompe Bianche,150
BN petroli,bn petroli,BN petroli,Pompe Bianche,150
Cristoforetti,cristoforetti,Cristoforetti,Pompe Bianche,150
Bartolucci,bartolucci,Bartolucci,Pompe Bianche,150
AMG Carburanti,amg carburanti,AMG Carburanti,Pompe Bianche,150
Eco Fuel,eco fuel,Eco Fuel,Pompe Bianche,150
COOP,coop,COOP,Pompe Bianche,150
PAD,pad,PAD,Pompe Bianche,146
TEnergy,tenergy,TEnergy,Pompe Bianche,145
Oroil,oroil,Oroil,Pompe Bianche,144
GT-FUEL,gt fuel,GT-FUEL,Pompe Bianche,140
Major,major,Major,Pompe Bianche,124
Wow,wow,Wow,Pompe Bianche,123
TTP,ttp,TTP,Pompe Bianche,120
Madogas Natural Energy,madogas natural energy,Madogas Natural Energy,Pompe Bianche,120
Eurocap Petroli,eurocap petroli,Eurocap Petroli,Pompe Bianche,120
Petrolnafta,petrolnafta,Petrolnafta,Pompe Bianche,120
Energia Fluida,energia fluida,Energia Fluida,Pompe Bianche,120
Sacat,sacat,Sacat,Pompe Bianche,120
OG CLEAN FUELS,og clean fuels,OG CLEAN FUELS,Pompe Bianche,120
Vignetti,vignetti,Vignetti,Pompe Bianche,120
GreenFuelCompany,greenfuelcompany,GreenFuelCompany,Pompe Bianche,120
New Energy,new energy,New Energy,Pompe Bianche,120
Pit stop,pit stop,Pit stop,Pompe Bianche,120
Grazi Petroli,grazi petroli,Grazi Petroli,Pompe Bianche,120
Italia Carburanti,italia carburanti,Italia Carburanti,Pompe Bianche,120
Natural Gas,natural gas,Natural Gas,Pompe Bianche,120
Galoil Carburanti,galoil carburanti,Galoil Carburanti,Pompe Bianche,120
Termoveneta srl,termoveneta srl,Termoveneta srl,Pompe Bianche,120
TOMMASINI CARBURANTI,tommasini carburanti,TOMMASINI CARBURANTI,Pompe Bianche,93
Mesu e Rios,mesu e rios,Mesu e Rios,Pompe Bianche,90
Simeone Carburanti,simeone carburanti,Simeone Carburanti,Pompe Bianche,90
CarbonOil,carbonoil,CarbonOil,Pompe Bianche,90
Cucagas,cucagas,Cucagas,Pompe Bianche,90
Otto,otto,Otto,Pompe Bianche,90
Bandiera non selezionata,bandiera non selezionata,Bandiera non selezionata,Pompe Bianche,90
BELTRALLO CARBURANTI,beltrallo carburanti,BELTRALLO CARBURANTI,Pompe Bianche,90
MF CARBURANTI,mf carburanti,MF CARBURANTI,Pompe Bianche,90
EKOpoint,ekopoint,EKOpoint,Pompe Bianche,90
Dall Aglio,dall aglio,Dall Aglio,Pompe Bianche,90
Total Erg,total erg,Total Erg,Pompe Bianche,90
ALS,als,ALS,Pompe Bianche,90
Dalle petroli,dalle petroli,Dalle petroli,Pompe Bianche,90
Sodifa,sodifa,Sodifa,Pompe Bianche,90
78,78,78,Pompe Bianche,90
Sodigas,sodigas,Sodigas,Pompe Bianche,90
AP Petroli S.R.L.,ap petroli s r l,AP Petroli S.R.L.,Pompe Bianche,90
NonnaIsa Station,nonnaisa station,NonnaIsa Station,Pompe Bianche,90
Oceania,oceania,Oceania,Pompe Bianche,90
ACI_CL,aci_cl,ACI_CL,Pompe Bianche,90
Eugas,eugas,Eugas,Pompe Bianche,90
TAM Full Service Station,tam full service station,TAM Full Service Station,Pompe Bianche,90
ACI_PT,aci_pt,ACI_PT,Pompe Bianche,90
GDPI,gdpi,GDPI,Pompe Bianche,90
AP Fuel,ap fuel,AP Fuel,Pompe Bianche,90
Toma Petroli,toma petroli,Toma Petroli,Pompe Bianche,90
Canestrelli Petroli,canestrelli petroli,Canestrelli Petroli,Pompe Bianche,90
europetroli,europetroli,europetroli,Pompe Bianche,90
STOM,stom,STOM,Pompe Bianche,90
BIANCOPETROLI,biancopetroli,BIANCOPETROLI,Pompe Bianche,90
FUELPP,fuelpp,FUELPP,Pompe Bianche,86
Natalizia Station,natalizia station,Natalizia Station,Pompe Bianche,85
ENJOIL,enjoil,ENJOIL,Pompe Bianche,76
Oll,oll,Oll,Pompe Bianche,72
bioil,bioil,bioil,Pompe Bianche,60
Emme Petroli,emme petroli,Emme Petroli,Pompe Bianche,60
EnerFuel,enerfuel,EnerFuel,Pompe Bianche,60
HI MATIC,hi matic,HI MATIC,Pompe Bianche,60
PETROLIUM,petrolium,PETROLIUM,Pompe Bianche,60
DIL,dil,DIL,Pompe Bianche,60
Ecoil,ecoil,Ecoil,Pompe Bianche,60
Europetrol,europetrol,Europetrol,Pompe Bianche,60
PIGHI,pighi,PIGHI,Pompe Bianche,60
Vital,vital,Vital,Pompe Bianche,60
SIRON SRL,siron srl,SIRON SRL,Pompe Bianche,60
Petrol Veneta,petrol veneta,Petrol Veneta,Pompe Bianche,60
Xoil,xoil,Xoil,Pompe Bianche,60
Casareale,casareale,Casareale,Pompe Bianche,60
BLF,blf,BLF,Pompe Bianche,60
Plus,plus,Plus,Pompe Bianche,60
RPetroli,rpetroli,RPetroli,Pompe Bianche,60
digiservice,digiservice,digiservice,Pompe Bianche,60
Fiorese Bernardino,fiorese bernardino,Fiorese Bernardino,Pompe Bianche,60
Moveo,moveo,Moveo,Pompe Bianche,60
Capaia Petroli,capaia petroli,Capaia Petroli,Pompe Bianche,60
FM Energy,fm energy,FM Energy,Pompe Bianche,60
OutletCarburanti,outletcarburanti,OutletCarburanti,Pompe Bianche,60
Sanrocco Carburanti,sanrocco carburanti,Sanrocco Carburanti,Pompe Bianche,60
Gianni Petroli,gianni petroli,Gianni Petroli,Pompe Bianche,60
MC petroli,mc petroli,MC petroli,Pompe Bianche,60
Costa Carburanti,costa carburanti,Costa Carburanti,Pompe Bianche,60
Eurfuel,eurfuel,Eurfuel,Pompe Bianche,52
SilcaSrl,silcasrl,SilcaSrl,Pompe Bianche,48
CATRIA OIL,catria oil,CATRIA OIL,Pompe Bianche,45
AG energy,ag energy,AG energy,Pompe Bianche,43
Fabozzi Petroli,fabozzi petroli,Fabozzi Petroli,Pompe Bianche,36
Energy Station,energy station,Energy Station,Pompe Bianche,33
D Amico,d amico,D Amico,Pompe Bianche,30
 POWERGAS S.R.L.,powergas s r l, POWERGAS S.R.L.,Pompe Bianche,30
Harpoil,harpoil,Harpoil,Pompe Bianche,30
GP GREEN POWER,gp green power,GP GREEN POWER,Pompe Bianche,30
COLAGROSSI CARBURANTI,colagrossi carburanti,COLAGROSSI CARBURANTI,Pompe Bianche,30
Bolgan,bolgan,Bolgan,Pompe Bianche,30
DV OIL,dv oil,DV OIL,Pompe Bianche,30
ITALSUD CARBURANTI SRL,italsud carburanti srl,ITALSUD CARBURANTI SRL,Pompe Bianche,30
Carburanti Paganelli,carburanti paganelli,Carburanti Paganelli,Pompe Bianche,30
Som/Omv,som omv,Som/Omv,Pompe Bianche,30
Frontalini Petroli,frontalini petroli,Frontalini Petroli,Pompe Bianche,30
BluPark,blupark,BluPark,Pompe Bianche,30
Energy Carburanti,energy carburanti,Energy Carburanti,Pompe Bianche,30
PAN OIL,pan oil,PAN OIL,Pompe Bianche,30
Fuel Time,fuel time,Fuel Time,Pompe Bianche,30
MML Sinergy,mml sinergy,MML Sinergy,Pompe Bianche,30
Franzon snc,franzon snc,Franzon snc,Pompe Bianche,30
Lion,lion,Lion,Pompe Bianche,30
P F M,p f m,P F M,Pompe Bianche,30
GGV ENERGY,ggv energy,GGV ENERGY,Pompe Bianche,30
Gregoil,gregoil,Gregoil,Pompe Bianche,30
ECODRIVE,ecodrive,ECODRIVE,Pompe Bianche,30
SevenOil,sevenoil,SevenOil,Pompe Bianche,30
dp carburanti,dp carburanti,dp carburanti,Pompe Bianche,30
Mascitti,mascitti,Mascitti,Pompe Bianche,30
NetFuel,netfuel,NetFuel,Pompe Bianche,30
SR 203,sr 203,SR 203,Pompe Bianche,30
Reale,reale,Reale,Pompe Bianche,30
ESSEPI,essepi,ESSEPI,Pompe Bianche,30
Fratelli Gennaro,fratelli gennaro,Fratelli Gennaro,Pompe Bianche,30
TOTALEnergy,totalenergy,TOTALEnergy,Pompe Bianche,30
Powerghost,powerghost,Powerghost,Pompe Bianche,30
Argentario Carburanti,argentario carburanti,Argentario Carburanti,Pompe Bianche,30
Petrol Fuel,petrol fuel,Petrol Fuel,Pompe Bianche,30
PITSTOP,pitstop,PITSTOP,Pompe Bianche,30
Men8,men8,Men8,Pompe Bianche,30
BluOil,bluoil,BluOil,Pompe Bianche,30
PAM OIL,pam oil,PAM OIL,Pompe Bianche,30
Fuel99,fuel99,Fuel99,Pompe Bianche,30
Cerignola Fuel,cerignola fuel,Cerignola Fuel,Pompe Bianche,30
Delta,delta,Delta,Pompe Bianche,30
Maremmana Petroli,maremmana petroli,Maremmana Petroli,Pompe Bianche,30
Socomci,socomci,Socomci,Pompe Bianche,30
messina carburanti,messina carburanti,messina carburanti,Pompe Bianche,30
KINGO CARBURANTI,kingo carburanti,KINGO CARBURANTI,Pompe Bianche,30
MOVE 2,move 2,MOVE 2,Pompe Bianche,30
De Angelis Carburanti,de angelis carburanti,De Angelis Carburanti,Pompe Bianche,30
PINGUINO CARBURANTI,pinguino carburanti,PINGUINO CARBURANTI,Pompe Bianche,30
CROCIANI FUEL,crociani fuel,CROCIANI FUEL,Pompe Bianche,30
EKOENERGY,ekoenergy,EKOENERGY,Pompe Bianche,30
PETROL SUD,petrol sud,PETROL SUD,Pompe Bianche,30
Gatto Carburanti,gatto carburanti,Gatto Carburanti,Pompe Bianche,30
Metano Copparo,metano copparo,Metano Copparo,Pompe Bianche,30
Terni Carburanti,terni carburanti,Terni Carburanti,Pompe Bianche,30
TreConfiniCarburanti,treconfinicarburanti,TreConfiniCarburanti,Pompe Bianche,30
Pieropan Elisa,pieropan elisa,Pieropan Elisa,Pompe Bianche,30
Kelder,kelder,Kelder,Pompe Bianche,30
GGenergy,ggenergy,GGenergy,Pompe Bianche,30
rosina fuel,rosina fuel,rosina fuel,Pompe Bianche,30
carsie,carsie,carsie,Pompe Bianche,30
Sallemi Carburanti,sallemi carburanti,Sallemi Carburanti,Pompe Bianche,30
Curreri Carburanti,curreri carburanti,Curreri Carburanti,Pompe Bianche,30
TusciaPetroli,tusciapetroli,TusciaPetroli,Pompe Bianche,30
Esse Oil,esse oil,Esse Oil,Pompe Bianche,30
Tam service,tam service,Tam service,Pompe Bianche,30
E-Smart,e smart,E-Smart,Pompe Bianche,30
Euroself,euroself,Euroself,Pompe Bianche,30
SEP,sep,SEP,Pompe Bianche,30
Cler Carburanti,cler carburanti,Cler Carburanti,Pompe Bianche,30
Verlingas,verlingas,Verlingas,Pompe Bianche,30
OIL ONE,oil one,OIL ONE,Pompe Bianche,30
Oil Discount,oil discount,Oil Discount,Pompe Bianche,30
punto nord,punto nord,punto nord,Pompe Bianche,30
RA-FI,ra fi,RA-FI,Pompe Bianche,30
GB Petroli,gb petroli,GB Petroli,Pompe Bianche,30
Sidoti Fuel,sidoti fuel,Sidoti Fuel,Pompe Bianche,30
Eurocarburanti,eurocarburanti,Eurocarburanti,Pompe Bianche,30
Bibbiena Carburanti,bibbiena carburanti,Bibbiena Carburanti,Pompe Bianche,30
Metano Spilamberto,metano spilamberto,Metano Spilamberto,Pompe Bianche,30
RESOIL,resoil,RESOIL,Pompe Bianche,30
ON CARBURANTI,on carburanti,ON CARBURANTI,Pompe Bianche,30
ALoil,aloil,ALoil,Pompe Bianche,30
SAGIMAR,sagimar,SAGIMAR,Pompe Bianche,30
Ulivo Petroli,ulivo petroli,Ulivo Petroli,Pompe Bianche,30
SORIANO CARBURANTI,soriano carburanti,SORIANO CARBURANTI,Pompe Bianche,30
Ekomobil,ekomobil,Ekomobil,Pompe Bianche,30
FP PETROLI,fp petroli,FP PETROLI,Pompe Bianche,25
CARBURANTI PIAVE,carburanti piave,CARBURANTI PIAVE,Pompe Bianche,25
MZ PETROLI,mz petroli,MZ PETROLI,Pompe Bianche,25
Carburanti Bianchi,carburanti bianchi,Carburanti Bianchi,Pompe Bianche,22
NextMobilitaFutura,nextmobilitafutura,NextMobilitaFutura,Pompe Bianche,17
Garage Roberto,garage roberto,Garage Roberto,Pompe Bianche,15
MigliorGas,migliorgas,MigliorGas,Pompe Bianche,8
SAVO,savo,SAVO,Pompe Bianche,3
ALIFUEL,alifuel,ALIFUEL,Pompe Bianche,1
