fuel,canonical_name,mean_price_pre,n_days_pre,mean_price_capday,jump_eur,jump_bp,distance_to_cap_eur,cap_share_of_jump
Benzina,Agip Eni,2.1493190505738022,7,2.110916818774446,-0.0384022317993562,-178.67162061911634,-0.11091681877444604,0.2571824000473105
Benzina,Api-Ip,2.1739305117070375,7,2.1738843283582088,-0.000046183348828776616,-0.21244169756129416,-0.17388432835820877,0.0002655275855599518
Benzina,Esso,2.166112234801574,7,2.1688114837398373,0.0026992489382631213,12.461260755078918,-0.16881148373983734,-0.016249549236920752
Benzina,Pompe Bianche,2.1561036047187323,7,2.1602628028212205,0.004159198102488215,19.290344366502676,-0.16026280282122052,-0.026643831255416965
Benzina,Q8,2.164749374881743,7,2.1742997357493397,0.009550360867596641,44.11762848121059,-0.17429973574933966,-0.05796902643455785
Benzina,Shell,2.1554402670158974,7,2.1590454545454545,0.0036051875295570746,16.725991365784676,-0.1590454545454545,-0.023193395114203964
Benzina,Tamoil,2.1516599902830396,7,2.155508275862069,0.003848285579029387,17.885193740685423,-0.15550827586206895,-0.02537442849526378
Gasolio,Agip Eni,2.3485428498197014,7,2.3462151799687008,-0.0023276698510006355,-9.911123619393836,-0.1462151799687006,0.01567002285081996
Gasolio,Api-Ip,2.3517551897029856,7,2.3922253804191786,0.040470190716193066,172.08504904502541,-0.19222538041917847,-0.26668076917436
Gasolio,Esso,2.358566653595808,7,2.3922474645030425,0.033680810907234626,142.802031292546,-0.1922474645030423,-0.21240790635014767
Gasolio,Pompe Bianche,2.3406338759806324,7,2.362043186326873,0.021409310346240495,91.46800174918867,-0.16204318632687276,-0.15223437594217293
Gasolio,Q8,2.35762453802235,7,2.394827392120075,0.037202854097724725,157.7980441658089,-0.19482739212007472,-0.2360219707191125
Gasolio,Shell,2.3503818000884564,7,2.3875424836601304,0.037160683571674014,158.1048813868269,-0.18754248366013027,-0.24710891577182667
Gasolio,Tamoil,2.3500536448140115,7,2.387938245614035,0.03788460080002354,161.2073872595432,-0.18793824561403483,-0.25247371263111135
