canonical_name,tipo_impianto_slice,n_stations,n_gestori,top1_gestore,top2_gestore,top3_gestore,n_stations_top1,top1_gestore_share,top3_gestore_share,hhi
Agip Eni,Autostradale,117,67,enimoov s p a,sarni s r l,maenza c s r l,31,0.265,0.4274,0.0969
Agip Eni,Stradale,4323,2692,enimoov s p a,gestioni innovative italia s r l,servizi e gestioni zenit s r l in sigla zenit s r l,743,0.1719,0.2325,0.0325
Agip Eni,Tutti,4440,2750,enimoov s p a,gestioni innovative italia s r l,servizi e gestioni zenit s r l in sigla zenit s r l,774,0.1743,0.2333,0.0332
Api-Ip,Autostradale,97,61,ip services s r l,nuova sidap s r l,autobar di ginetti giancarlo c s r l,18,0.1856,0.3402,0.0571
Api-Ip,Stradale,4018,2402,ip services s r l,engy s societa a responsabilita limitata,economy s r l,727,0.1809,0.2036,0.0337
Api-Ip,Tutti,4115,2456,ip services s r l,engy s societa a responsabilita limitata,economy s r l,745,0.181,0.2032,0.0337
Esso,Autostradale,69,34,sarni s r l,nuova sidap s r l,tiger s r l,16,0.2319,0.5072,0.1086
Esso,Stradale,2213,1419,pad multienergy s p a,vega carburanti s p a,egi 2go s r l,145,0.0655,0.1541,0.0108
Esso,Tutti,2282,1448,pad multienergy s p a,vega carburanti s p a,egi 2go s r l,145,0.0635,0.1494,0.0103
Q8,Autostradale,99,45,sarni s r l,nuova sidap s r l,sife s r l,23,0.2323,0.5152,0.1056
Q8,Stradale,2802,1044,servizi gestioni italia s r l,eos services s r l a socio unico,easy service s r l,1438,0.5132,0.5589,0.2652
Q8,Tutti,2901,1082,servizi gestioni italia s r l,eos services s r l a socio unico,nuova sidap s r l,1441,0.4967,0.5422,0.2486
Shell,Stradale,170,82,pad multienergy s p a,goldengas societa per azioni,bergas societa a responsabilita limitata,75,0.4412,0.5294,0.2035
Shell,Tutti,170,82,pad multienergy s p a,goldengas societa per azioni,bergas societa a responsabilita limitata,75,0.4412,0.5294,0.2035
Tamoil,Autostradale,52,13,nuova sidap s r l,sarni s r l,t d m s r l,15,0.2885,0.6923,0.1827
Tamoil,Stradale,1536,635,t d m s r l,pad multienergy s p a,acema s p a,624,0.4062,0.459,0.1675
Tamoil,Tutti,1588,645,t d m s r l,pad multienergy s p a,acema s p a,632,0.398,0.449,0.1609
