date,fuel,canonical_name,n_obs,mean_price,sd_price
2026-07-01,Benzina,Agip Eni,3871,1.8199687419271506,0.029199515136027702
2026-07-01,Benzina,Api-Ip,3479,1.8090888186260419,0.04969377055917316
2026-07-01,Benzina,Esso,2086,1.8119894534995207,0.04881897146652029
2026-07-01,Benzina,Pompe Bianche,6535,1.802799846977812,0.054396612578649216
2026-07-01,Benzina,Q8,2656,1.802626129518072,0.04192465552297258
2026-07-01,Benzina,Shell,155,1.7927870967741937,0.03008925836223409
2026-07-01,Benzina,Tamoil,1453,1.7909910529938058,0.0457725909817786
2026-07-01,Gasolio,Agip Eni,3870,1.885524031007752,0.03421224882684065
2026-07-01,Gasolio,Api-Ip,3462,1.8943243789716926,0.049135575146641394
2026-07-01,Gasolio,Esso,2092,1.897359464627151,0.05377796641058455
2026-07-01,Gasolio,Pompe Bianche,6451,1.8853250658812588,0.05294201206387641
2026-07-01,Gasolio,Q8,2666,1.8841755438859717,0.0443807162180889
2026-07-01,Gasolio,Shell,153,1.884104575163399,0.03390993554889437
2026-07-01,Gasolio,Tamoil,1426,1.869225806451613,0.0481459571115924
2026-07-02,Benzina,Agip Eni,3871,1.8143626969775253,0.03183373624260436
2026-07-02,Benzina,Api-Ip,3478,1.8068188614146061,0.0496476219227081
2026-07-02,Benzina,Esso,2090,1.81087990430622,0.048941475273081264
2026-07-02,Benzina,Pompe Bianche,6538,1.801736004894463,0.054080054915595394
2026-07-02,Benzina,Q8,2533,1.8018369522305566,0.04231665993722761
2026-07-02,Benzina,Shell,155,1.792516129032258,0.030704573634251345
2026-07-02,Benzina,Tamoil,1455,1.7939841924398625,0.044260472586502626
2026-07-02,Gasolio,Agip Eni,3870,1.884931007751938,0.03397039510165534
2026-07-02,Gasolio,Api-Ip,3462,1.8902969381860195,0.04900737535830903
2026-07-02,Gasolio,Esso,2097,1.8953447782546495,0.054016800668379744
2026-07-02,Gasolio,Pompe Bianche,6457,1.8838482267306798,0.05282515884882286
2026-07-02,Gasolio,Q8,2543,1.881283523397562,0.04535766845831216
2026-07-02,Gasolio,Shell,153,1.8821111111111113,0.03368420595760205
2026-07-02,Gasolio,Tamoil,1428,1.8709264705882354,0.04648101148275002
2026-07-03,Benzina,Agip Eni,3872,1.8124950929752066,0.032165492960990694
2026-07-03,Benzina,Api-Ip,3480,1.8071471264367818,0.04855440188979429
2026-07-03,Benzina,Esso,2091,1.8094481109516978,0.048415887305294524
2026-07-03,Benzina,Pompe Bianche,6534,1.800748086929905,0.05338434664220057
2026-07-03,Benzina,Q8,2656,1.8007451054216865,0.04110854877103382
2026-07-03,Benzina,Shell,155,1.7918709677419355,0.03085633018837072
2026-07-03,Benzina,Tamoil,1454,1.8011623108665749,0.04115431566209824
2026-07-03,Gasolio,Agip Eni,3869,1.8845580253295424,0.0331168070912912
2026-07-03,Gasolio,Api-Ip,3464,1.888814376443418,0.04819403714466975
2026-07-03,Gasolio,Esso,2095,1.8935957040572793,0.05237462658302974
2026-07-03,Gasolio,Pompe Bianche,6451,1.8831376530770423,0.05141909240930386
2026-07-03,Gasolio,Q8,2668,1.8794171664167916,0.043836731775820474
2026-07-03,Gasolio,Shell,153,1.8786470588235293,0.03422304367332422
2026-07-03,Gasolio,Tamoil,1428,1.8763627450980391,0.04287982994865434
2026-07-04,Benzina,Agip Eni,3872,1.8363452995867768,0.040660204348130044
2026-07-04,Benzina,Api-Ip,3485,1.8129216642754664,0.05190790333771047
2026-07-04,Benzina,Esso,2083,1.8329678348535767,0.051367377920019455
2026-07-04,Benzina,Pompe Bianche,6550,1.814002748091603,0.05619484887367353
2026-07-04,Benzina,Q8,2660,1.8044827067669174,0.04407092903720168
2026-07-04,Benzina,Shell,155,1.830974193548387,0.036154062189737976
2026-07-04,Benzina,Tamoil,1455,1.846357388316151,0.04653708463440029
2026-07-04,Gasolio,Agip Eni,3869,1.9154479193590075,0.04232249492855983
2026-07-04,Gasolio,Api-Ip,3471,1.8942932872371074,0.052111920769991896
2026-07-04,Gasolio,Esso,2088,1.9170253831417625,0.053358600313844054
2026-07-04,Gasolio,Pompe Bianche,6464,1.8963831992574256,0.05368859934319017
2026-07-04,Gasolio,Q8,2672,1.8833169910179641,0.04707969182653373
2026-07-04,Gasolio,Shell,153,1.9164575163398694,0.03771656534847237
2026-07-04,Gasolio,Tamoil,1428,1.9214992997198879,0.04464006169494778
2026-07-05,Benzina,Agip Eni,3873,1.8457064291247096,0.039910317884414535
2026-07-05,Benzina,Api-Ip,3482,1.84783170591614,0.04866773586986448
2026-07-05,Benzina,Esso,2086,1.8511064237775647,0.04455657559484652
2026-07-05,Benzina,Pompe Bianche,6538,1.8311595289079228,0.0536368000501421
2026-07-05,Benzina,Q8,2659,1.847338849191425,0.04017720200440018
2026-07-05,Benzina,Shell,155,1.840909677419355,0.03146991301576703
2026-07-05,Benzina,Tamoil,1456,1.8533035714285713,0.042746289173391815
2026-07-05,Gasolio,Agip Eni,3870,1.9276581395348837,0.04083133491871704
2026-07-05,Gasolio,Api-Ip,3470,1.9292377521613833,0.047732779451942736
2026-07-05,Gasolio,Esso,2093,1.9354405160057333,0.04691805559528863
2026-07-05,Gasolio,Pompe Bianche,6459,1.9151319089642358,0.05065386277892252
2026-07-05,Gasolio,Q8,2670,1.9257988764044942,0.041135835792808106
2026-07-05,Gasolio,Shell,153,1.926718954248366,0.03348201746663501
2026-07-05,Gasolio,Tamoil,1429,1.9284849545136458,0.041452048893974316
2026-07-06,Benzina,Agip Eni,3865,1.850978783958603,0.03736583404533939
2026-07-06,Benzina,Api-Ip,3487,1.851268138801262,0.04767831310471095
2026-07-06,Benzina,Esso,2086,1.8532344199424735,0.044309681770829716
2026-07-06,Benzina,Pompe Bianche,6528,1.8344296875,0.052143991230472655
2026-07-06,Benzina,Q8,2653,1.8498081417263477,0.03979166780367861
2026-07-06,Benzina,Shell,155,1.8420709677419356,0.029323345089522328
2026-07-06,Benzina,Tamoil,1454,1.8544367262723522,0.041093096584893025
2026-07-06,Gasolio,Agip Eni,3861,1.9331147371147372,0.03839206717046261
2026-07-06,Gasolio,Api-Ip,3474,1.932355785837651,0.04658703605934695
2026-07-06,Gasolio,Esso,2092,1.937524378585086,0.046280008588749436
2026-07-06,Gasolio,Pompe Bianche,6456,1.918477385377943,0.04924836233424402
2026-07-06,Gasolio,Q8,2662,1.928074380165289,0.04023648280090612
2026-07-06,Gasolio,Shell,153,1.9278954248366014,0.03234358380174799
2026-07-06,Gasolio,Tamoil,1428,1.9295805322128854,0.0404358155334167
2026-07-07,Benzina,Agip Eni,3870,1.8596906976744185,0.030322650083202087
2026-07-07,Benzina,Api-Ip,3485,1.8642596843615493,0.04417561624367948
2026-07-07,Benzina,Esso,2084,1.8564904030710172,0.04193040440157509
2026-07-07,Benzina,Pompe Bianche,6499,1.8427655023849823,0.046869376754139255
2026-07-07,Benzina,Q8,2654,1.8542769404672195,0.03819965330386482
2026-07-07,Benzina,Shell,155,1.8473741935483872,0.026536705377645492
2026-07-07,Benzina,Tamoil,1454,1.854532324621733,0.03884654884304373
2026-07-07,Gasolio,Agip Eni,3820,1.9525235602094242,0.03222438221289384
2026-07-07,Gasolio,Api-Ip,3476,1.9451694476409669,0.04321008806851776
2026-07-07,Gasolio,Esso,2091,1.9418149210903874,0.04376597930720447
2026-07-07,Gasolio,Pompe Bianche,6453,1.9268219432821945,0.04512447895403107
2026-07-07,Gasolio,Q8,2664,1.93340503003003,0.03837500972781743
2026-07-07,Gasolio,Shell,153,1.9334640522875817,0.029531656998039942
2026-07-07,Gasolio,Tamoil,1428,1.93018487394958,0.03888780686756954
2026-07-08,Benzina,Agip Eni,3871,1.860104882459313,0.030017081346091355
2026-07-08,Benzina,Api-Ip,3487,1.8701494121020936,0.0430506484868587
2026-07-08,Benzina,Esso,2085,1.8586354916067147,0.039550248497931643
2026-07-08,Benzina,Pompe Bianche,6502,1.8469527837588435,0.04560995545269218
2026-07-08,Benzina,Q8,2655,1.8557152542372881,0.037094660536494864
2026-07-08,Benzina,Shell,155,1.8515935483870969,0.025116791293070418
2026-07-08,Benzina,Tamoil,1454,1.8577696011004128,0.038736495027989176
2026-07-08,Gasolio,Agip Eni,3863,1.9599549572870827,0.030383037880130845
2026-07-08,Gasolio,Api-Ip,3475,1.9526578417266187,0.04144549997973517
2026-07-08,Gasolio,Esso,2093,1.9474366937410417,0.04226451384953131
2026-07-08,Gasolio,Pompe Bianche,6460,1.9334566563467495,0.04430785219555517
2026-07-08,Gasolio,Q8,2665,1.9390776735459663,0.03694889804388784
2026-07-08,Gasolio,Shell,153,1.9397254901960785,0.02841636743288093
2026-07-08,Gasolio,Tamoil,1428,1.9372093837535014,0.0385192494971072
2026-07-09,Benzina,Agip Eni,3871,1.860462154482046,0.030320519508477944
2026-07-09,Benzina,Api-Ip,3484,1.8732824339839265,0.04298040899037097
2026-07-09,Benzina,Esso,2088,1.8667289272030652,0.03935632420962603
2026-07-09,Benzina,Pompe Bianche,6503,1.850319698600646,0.04537912738796291
2026-07-09,Benzina,Q8,2654,1.8578530519969858,0.03783728673843656
2026-07-09,Benzina,Shell,155,1.8735612903225805,0.02570236329296855
2026-07-09,Benzina,Tamoil,1454,1.8569773039889959,0.03944398705704578
2026-07-09,Gasolio,Agip Eni,3865,1.9615583441138422,0.030830956878099464
2026-07-09,Gasolio,Api-Ip,3475,1.9585942446043165,0.041594873848604594
2026-07-09,Gasolio,Esso,2094,1.9586427889207259,0.04186639960879025
2026-07-09,Gasolio,Pompe Bianche,6467,1.939438379464976,0.04453015568776256
2026-07-09,Gasolio,Q8,2664,1.9430213963963963,0.03926097140266418
2026-07-09,Gasolio,Shell,153,1.9655751633986929,0.02894065907172846
2026-07-09,Gasolio,Tamoil,1429,1.939741077676697,0.03937719091535127
2026-07-10,Benzina,Agip Eni,3871,1.8717757685352623,0.032083882979641286
2026-07-10,Benzina,Api-Ip,3485,1.889099569583931,0.04475665947714288
2026-07-10,Benzina,Esso,2088,1.875552203065134,0.03947433894936263
2026-07-10,Benzina,Pompe Bianche,6503,1.8590427495002306,0.04612218155554313
2026-07-10,Benzina,Q8,2655,1.8671996233521657,0.036422933265735834
2026-07-10,Benzina,Shell,155,1.8788516129032258,0.02631176556451338
2026-07-10,Benzina,Tamoil,1453,1.873792154163799,0.03934422180753017
2026-07-10,Gasolio,Agip Eni,3866,1.9741184687015003,0.03476283625229604
2026-07-10,Gasolio,Api-Ip,3484,1.989871699196326,0.04989875379277522
2026-07-10,Gasolio,Esso,2090,1.9771741626794257,0.045336540638674525
2026-07-10,Gasolio,Pompe Bianche,6485,1.9569905936777179,0.0524257890736615
2026-07-10,Gasolio,Q8,2667,1.9698087739032624,0.03837950852574415
2026-07-10,Gasolio,Shell,153,1.983875816993464,0.027537849613481238
2026-07-10,Gasolio,Tamoil,1427,1.9805795374912405,0.03925498085703363
2026-07-11,Benzina,Agip Eni,3867,1.8803573829842255,0.030266082019756665
2026-07-11,Benzina,Api-Ip,3488,1.8952339449541284,0.042121851661760704
2026-07-11,Benzina,Esso,2084,1.8812159309021115,0.03770901316758368
2026-07-11,Benzina,Pompe Bianche,6482,1.8700103363159517,0.044109614880414094
2026-07-11,Benzina,Q8,2654,1.8787027128862095,0.036738470376486344
2026-07-11,Benzina,Shell,155,1.8798322580645164,0.025030843144097217
2026-07-11,Benzina,Tamoil,1454,1.8770481430536452,0.039677143622928596
2026-07-11,Gasolio,Agip Eni,3864,1.9836573498964802,0.03371966602131313
2026-07-11,Gasolio,Api-Ip,3479,2.0017893072722046,0.04566915602490564
2026-07-11,Gasolio,Esso,2089,1.995019147917664,0.04470962740402731
2026-07-11,Gasolio,Pompe Bianche,6470,1.9797746522411128,0.05054213347894433
2026-07-11,Gasolio,Q8,2667,1.9913037120359953,0.03626139779037066
2026-07-11,Gasolio,Shell,153,1.989686274509804,0.02692325119870112
2026-07-11,Gasolio,Tamoil,1428,1.9859985994397762,0.03637993468454316
2026-07-12,Benzina,Agip Eni,3865,1.8808858990944373,0.03011143331921349
2026-07-12,Benzina,Api-Ip,3489,1.8959982803095443,0.041702515124198786
2026-07-12,Benzina,Esso,2084,1.8831146833013437,0.037330262941702955
2026-07-12,Benzina,Pompe Bianche,6488,1.872294081381011,0.04365964698189612
2026-07-12,Benzina,Q8,2655,1.879829001883239,0.03675990024926201
2026-07-12,Benzina,Shell,154,1.880909090909091,0.02395648659859253
2026-07-12,Benzina,Tamoil,1455,1.8780659793814432,0.039581768707526
2026-07-12,Gasolio,Agip Eni,3863,1.9842446285270516,0.033788401733038625
2026-07-12,Gasolio,Api-Ip,3480,2.0033738505747127,0.044859297838771565
2026-07-12,Gasolio,Esso,2091,1.99937637494022,0.04390975299516837
2026-07-12,Gasolio,Pompe Bianche,6472,1.984626699629172,0.04925026226869122
2026-07-12,Gasolio,Q8,2668,1.9935119940029986,0.036597705625692006
2026-07-12,Gasolio,Shell,153,1.9903398692810457,0.026491846659991145
2026-07-12,Gasolio,Tamoil,1429,1.987859342197341,0.03579881466612781
2026-07-13,Benzina,Agip Eni,3863,1.8810745534558635,0.0302645787211638
2026-07-13,Benzina,Api-Ip,3483,1.8964631065173703,0.04145453489418693
2026-07-13,Benzina,Esso,2084,1.8838838771593092,0.03726445241080249
2026-07-13,Benzina,Pompe Bianche,6492,1.8732975970425139,0.043641328564250466
2026-07-13,Benzina,Q8,2654,1.8802321024868125,0.03672632368532367
2026-07-13,Benzina,Shell,154,1.881168831168831,0.023213362501475394
2026-07-13,Benzina,Tamoil,1455,1.8780295532646047,0.039424153926227945
2026-07-13,Gasolio,Agip Eni,3861,1.9845646205646206,0.03392221033760747
2026-07-13,Gasolio,Api-Ip,3474,2.00412233736327,0.044130597636397866
2026-07-13,Gasolio,Esso,2091,2.000981826877092,0.04341769593492131
2026-07-13,Gasolio,Pompe Bianche,6476,1.9868015750463248,0.04863402057576988
2026-07-13,Gasolio,Q8,2667,1.9943303337082865,0.03630472420017736
2026-07-13,Gasolio,Shell,153,1.9907320261437909,0.0256868813886193
2026-07-13,Gasolio,Tamoil,1429,1.9880321903428972,0.03564763477451154
2026-07-14,Benzina,Agip Eni,3843,1.8919432734842572,0.030971463556317483
2026-07-14,Benzina,Api-Ip,3480,1.8972278735632184,0.04091256493557289
2026-07-14,Benzina,Esso,2086,1.8892708533077662,0.03639441525582588
2026-07-14,Benzina,Pompe Bianche,6489,1.878144089998459,0.042446982735882745
2026-07-14,Benzina,Q8,2655,1.8828474576271186,0.03592734871877466
2026-07-14,Benzina,Shell,154,1.8910064935064934,0.02248528836490429
2026-07-14,Benzina,Tamoil,1452,1.8820488980716255,0.03848946196624932
2026-07-14,Gasolio,Agip Eni,3843,1.99576008326828,0.0340801975319097
2026-07-14,Gasolio,Api-Ip,3472,2.00611232718894,0.04324149852378657
2026-07-14,Gasolio,Esso,2090,2.0079784688995215,0.04129708842345809
2026-07-14,Gasolio,Pompe Bianche,6482,1.996126504165381,0.0462683588946813
2026-07-14,Gasolio,Q8,2667,1.999321334833146,0.03624470686475384
2026-07-14,Gasolio,Shell,153,2.001764705882353,0.026577286678339904
2026-07-14,Gasolio,Tamoil,1426,1.9941185133239834,0.03371720338914161
2026-07-15,Benzina,Agip Eni,3825,1.9108530718954249,0.03232877095701826
2026-07-15,Benzina,Api-Ip,3486,1.9055860585197937,0.04160480769883262
2026-07-15,Benzina,Esso,2030,1.9025418719211822,0.03878531438025875
2026-07-15,Benzina,Pompe Bianche,6500,1.8877292307692308,0.04382983616862001
2026-07-15,Benzina,Q8,2653,1.895595929136826,0.037367447157948486
2026-07-15,Benzina,Shell,154,1.9143116883116884,0.025714754921258486
2026-07-15,Benzina,Tamoil,1447,1.9046067726330338,0.038867377916871566
2026-07-15,Gasolio,Agip Eni,3824,2.015983786610879,0.03614911207246958
2026-07-15,Gasolio,Api-Ip,3480,2.0182514367816093,0.044525801443638845
2026-07-15,Gasolio,Esso,2035,2.0337955773955776,0.0467031934598619
2026-07-15,Gasolio,Pompe Bianche,6485,2.0148050886661526,0.05131579544781511
2026-07-15,Gasolio,Q8,2662,2.025488354620586,0.03952096251850464
2026-07-15,Gasolio,Shell,153,2.038202614379085,0.033252692704011474
2026-07-15,Gasolio,Tamoil,1420,2.0211274647887327,0.03619434980252277
2026-07-16,Benzina,Agip Eni,3862,1.9196649404453652,0.031164111945190746
2026-07-16,Benzina,Api-Ip,3483,1.9194174562159059,0.04112300309896743
2026-07-16,Benzina,Esso,2030,1.9161211822660098,0.040385855730765995
2026-07-16,Benzina,Pompe Bianche,6512,1.900233875921376,0.044011822469883256
2026-07-16,Benzina,Q8,2651,1.910700867597133,0.03942527581174166
2026-07-16,Benzina,Shell,154,1.9305194805194805,0.025121201830878286
2026-07-16,Benzina,Tamoil,1449,1.9278378191856451,0.04073125511578386
2026-07-16,Gasolio,Agip Eni,3864,2.026233436853002,0.03925862078866199
2026-07-16,Gasolio,Api-Ip,3482,2.0383963239517517,0.04668684932318842
2026-07-16,Gasolio,Esso,2038,2.059418547595682,0.051090445942641845
2026-07-16,Gasolio,Pompe Bianche,6500,2.0403755384615385,0.05580115256494124
2026-07-16,Gasolio,Q8,2664,2.0531092342342343,0.04152457530247614
2026-07-16,Gasolio,Shell,153,2.0648954248366014,0.025707914867311
2026-07-16,Gasolio,Tamoil,1425,2.062602105263158,0.03945132288767033
2026-07-17,Benzina,Agip Eni,3812,1.931708814270724,0.03214234928631992
2026-07-17,Benzina,Api-Ip,3483,1.931380419178869,0.04145045049495053
2026-07-17,Benzina,Esso,2026,1.9258109575518263,0.04101852996952028
2026-07-17,Benzina,Pompe Bianche,6504,1.9109037515375153,0.044046149850971265
2026-07-17,Benzina,Q8,2649,1.9191868629671576,0.03849508788273426
2026-07-17,Benzina,Shell,154,1.9343441558441559,0.026150989401327904
2026-07-17,Benzina,Tamoil,1448,1.9299564917127074,0.040063238357764645
2026-07-17,Gasolio,Agip Eni,3819,2.0445629746006806,0.041519809798601384
2026-07-17,Gasolio,Api-Ip,3488,2.0640464449541285,0.05006624941647872
2026-07-17,Gasolio,Esso,2031,2.078542097488922,0.052407253994685175
2026-07-17,Gasolio,Pompe Bianche,6504,2.062210947109471,0.05685108001770725
2026-07-17,Gasolio,Q8,2664,2.067407282282282,0.04188968174857947
2026-07-17,Gasolio,Shell,153,2.0723725490196077,0.026958760501956672
2026-07-17,Gasolio,Tamoil,1423,2.069463106113844,0.04068485286333489
2026-07-18,Benzina,Agip Eni,3856,1.9402990145228214,0.031096470271730438
2026-07-18,Benzina,Api-Ip,3490,1.9465776504297996,0.041539441615479906
2026-07-18,Benzina,Esso,2032,1.9358607283464566,0.04109551978011778
2026-07-18,Benzina,Pompe Bianche,6509,1.922018896911968,0.044342801693490794
2026-07-18,Benzina,Q8,2651,1.9325262165220674,0.03892660208868037
2026-07-18,Benzina,Shell,154,1.9424025974025974,0.025020127709406845
2026-07-18,Benzina,Tamoil,1445,1.9333480968858132,0.03878288442271578
2026-07-18,Gasolio,Agip Eni,3846,2.0679940197607904,0.04081038287548038
2026-07-18,Gasolio,Api-Ip,3490,2.094077936962751,0.05051947060904316
2026-07-18,Gasolio,Esso,2039,2.0995085826385482,0.0548841298860453
2026-07-18,Gasolio,Pompe Bianche,6511,2.085030563661496,0.057938058080743336
2026-07-18,Gasolio,Q8,2662,2.0844429000751314,0.04328185081359341
2026-07-18,Gasolio,Shell,153,2.087450980392157,0.025110791655882626
2026-07-18,Gasolio,Tamoil,1422,2.0881097046413504,0.041386651851727574
2026-07-19,Benzina,Agip Eni,3855,1.9408897535667964,0.03091254443661852
2026-07-19,Benzina,Api-Ip,3489,1.9493743192891946,0.041448988831748475
2026-07-19,Benzina,Esso,2034,1.9402148475909538,0.04051617951583254
2026-07-19,Benzina,Pompe Bianche,6502,1.9260024607812982,0.043792644561369505
2026-07-19,Benzina,Q8,2653,1.9368375424048248,0.039773145271116875
2026-07-19,Benzina,Shell,154,1.9448051948051948,0.025317868840831415
2026-07-19,Benzina,Tamoil,1450,1.934713103448276,0.03856695083949771
2026-07-19,Gasolio,Agip Eni,3861,2.0745703185703186,0.040092884896233666
2026-07-19,Gasolio,Api-Ip,3489,2.0995445686443106,0.04999930997108668
2026-07-19,Gasolio,Esso,2042,2.1084735553379037,0.05456805159405342
2026-07-19,Gasolio,Pompe Bianche,6511,2.0931059745046845,0.056613450494522356
2026-07-19,Gasolio,Q8,2664,2.092165165165165,0.04337462813097452
2026-07-19,Gasolio,Shell,153,2.090725490196079,0.02566669849756109
2026-07-19,Gasolio,Tamoil,1426,2.0906339410939694,0.04084301926440213
2026-07-20,Benzina,Agip Eni,3855,1.9412166018158237,0.031177514324443958
2026-07-20,Benzina,Api-Ip,3489,1.9499951275437089,0.04129416914228269
2026-07-20,Benzina,Esso,2034,1.9418761061946903,0.040468486089004996
2026-07-20,Benzina,Pompe Bianche,6502,1.9273442017840665,0.043702106624604255
2026-07-20,Benzina,Q8,2651,1.9374043757072803,0.03995044340199197
2026-07-20,Benzina,Shell,154,1.945909090909091,0.024362556622432443
2026-07-20,Benzina,Tamoil,1450,1.9353489655172413,0.03902285985241993
2026-07-20,Gasolio,Agip Eni,3861,2.075627557627558,0.040172679177489935
2026-07-20,Gasolio,Api-Ip,3489,2.100812553740327,0.049596894006688826
2026-07-20,Gasolio,Esso,2042,2.111951518119491,0.05456898146848124
2026-07-20,Gasolio,Pompe Bianche,6509,2.0957916730680597,0.05631321212073263
2026-07-20,Gasolio,Q8,2662,2.093464312546957,0.04407419229879709
2026-07-20,Gasolio,Shell,153,2.092424836601307,0.02350747160351852
2026-07-20,Gasolio,Tamoil,1426,2.091952314165498,0.04088679070665746
2026-07-21,Benzina,Agip Eni,3854,1.9418238194084068,0.03108232487510232
2026-07-21,Benzina,Api-Ip,3484,1.9582230195177959,0.04007719264881227
2026-07-21,Benzina,Esso,2036,1.9507789783889982,0.04005987251458155
2026-07-21,Benzina,Pompe Bianche,6502,1.936285143032913,0.04247373727277573
2026-07-21,Benzina,Q8,2648,1.9449720543806648,0.03838712759245531
2026-07-21,Benzina,Shell,154,1.9540324675324674,0.023477264438291644
2026-07-21,Benzina,Tamoil,1449,1.9432132505175983,0.038792772736267786
2026-07-21,Gasolio,Agip Eni,3815,2.0897197903014417,0.04116240188260013
2026-07-21,Gasolio,Api-Ip,3487,2.114350157728707,0.049827555346179754
2026-07-21,Gasolio,Esso,2041,2.129985301322881,0.05481524923366453
2026-07-21,Gasolio,Pompe Bianche,6511,2.1141334664414067,0.0540968679690879
2026-07-21,Gasolio,Q8,2660,2.110060902255639,0.04398716920272899
2026-07-21,Gasolio,Shell,153,2.1077254901960787,0.025647467119765278
2026-07-21,Gasolio,Tamoil,1425,2.1157122807017545,0.041152191115771786
2026-07-22,Benzina,Agip Eni,3834,1.9474243609806992,0.031550854946730954
2026-07-22,Benzina,Api-Ip,3481,1.9632168916977881,0.03881179628258028
2026-07-22,Benzina,Esso,2036,1.956814833005894,0.039646454721846205
2026-07-22,Benzina,Pompe Bianche,6495,1.9444863741339493,0.04134438608281992
2026-07-22,Benzina,Q8,2648,1.9530177492447132,0.03901040790759981
2026-07-22,Benzina,Shell,154,1.9577337662337662,0.024460730756080556
2026-07-22,Benzina,Tamoil,1448,1.9460379834254145,0.038747592037108945
2026-07-22,Gasolio,Agip Eni,3847,2.1067806082661815,0.0412598050351475
2026-07-22,Gasolio,Api-Ip,3485,2.131865136298422,0.04813210334670163
2026-07-22,Gasolio,Esso,2039,2.1463158410985774,0.05428989625423501
2026-07-22,Gasolio,Pompe Bianche,6519,2.1308897070102777,0.05372510191275096
2026-07-22,Gasolio,Q8,2659,2.127750282060925,0.04272535608281683
2026-07-22,Gasolio,Shell,153,2.130339869281046,0.027419538605731823
2026-07-22,Gasolio,Tamoil,1424,2.127827949438202,0.04189823738875137
2026-07-23,Benzina,Agip Eni,3822,1.956026949241235,0.031374005881012204
2026-07-23,Benzina,Api-Ip,3487,1.9706862632635505,0.03835032963529112
2026-07-23,Benzina,Esso,2035,1.9629326781326781,0.039146045389895
2026-07-23,Benzina,Pompe Bianche,6483,1.9520465833718958,0.04052067769879542
2026-07-23,Benzina,Q8,2647,1.9618152625613903,0.03594038832564206
2026-07-23,Benzina,Shell,154,1.9647467532467535,0.02347925288817943
2026-07-23,Benzina,Tamoil,1449,1.9555231193926845,0.03728290266525181
2026-07-23,Gasolio,Agip Eni,3831,2.1254286087183503,0.04248492967173946
2026-07-23,Gasolio,Api-Ip,3489,2.153506448839209,0.04845702988907992
2026-07-23,Gasolio,Esso,2040,2.1604519607843136,0.05525364089231791
2026-07-23,Gasolio,Pompe Bianche,6515,2.1470115118956254,0.05316881563649755
2026-07-23,Gasolio,Q8,2662,2.1450604808414724,0.04317479423275121
2026-07-23,Gasolio,Shell,153,2.147529411764706,0.02794521398236413
2026-07-23,Gasolio,Tamoil,1424,2.140942415730337,0.039798131496570764
2026-07-24,Benzina,Agip Eni,3823,1.9683125817420875,0.03183774383003381
2026-07-24,Benzina,Api-Ip,3478,1.9842354801610123,0.038867606900754484
2026-07-24,Benzina,Esso,2028,1.9713589743589743,0.03906716078920487
2026-07-24,Benzina,Pompe Bianche,6452,1.9613690328580287,0.0400782453062073
2026-07-24,Benzina,Q8,2538,1.9725965327029156,0.03584622507851942
2026-07-24,Benzina,Shell,153,1.9732156862745098,0.02140982963392192
2026-07-24,Benzina,Tamoil,1443,1.9700790020790022,0.035644657447523806
2026-07-24,Gasolio,Agip Eni,3832,2.1434331941544884,0.041868094373510883
2026-07-24,Gasolio,Api-Ip,3481,2.178346164895145,0.04967011830741698
2026-07-24,Gasolio,Esso,2035,2.1758948402948404,0.05708628901256998
2026-07-24,Gasolio,Pompe Bianche,6482,2.1634105214439985,0.052720678370602084
2026-07-24,Gasolio,Q8,2550,2.168694901960784,0.04209113500522477
2026-07-24,Gasolio,Shell,152,2.1689605263157894,0.026472247514385296
2026-07-24,Gasolio,Tamoil,1417,2.1597805222300637,0.03997015785124749
2026-07-25,Benzina,Agip Eni,3848,1.9799495841995842,0.03080001746737037
2026-07-25,Benzina,Api-Ip,3481,1.9904113760413675,0.038712530677650465
2026-07-25,Benzina,Esso,2031,1.983031511570655,0.038686793251043565
2026-07-25,Benzina,Pompe Bianche,6472,1.9732758034610631,0.03948498360095702
2026-07-25,Benzina,Q8,2649,1.986533786334466,0.032527627265833026
2026-07-25,Benzina,Shell,153,1.986483660130719,0.019695746460100787
2026-07-25,Benzina,Tamoil,1445,1.9846878892733566,0.03194802130242321
2026-07-25,Gasolio,Agip Eni,3853,2.1570464573059955,0.04391274118115548
2026-07-25,Gasolio,Api-Ip,3483,2.1898237151880564,0.05039773957488321
2026-07-25,Gasolio,Esso,2036,2.1982770137524557,0.06017651253239852
2026-07-25,Gasolio,Pompe Bianche,6506,2.1834374423608978,0.05414266893487384
2026-07-25,Gasolio,Q8,2663,2.192990236575291,0.04135146377130653
2026-07-25,Gasolio,Shell,152,2.197973684210526,0.02711734309017882
2026-07-25,Gasolio,Tamoil,1421,2.187856439127375,0.04138915889884098
2026-07-26,Benzina,Agip Eni,3846,1.9804802392095686,0.030602769782852837
2026-07-26,Benzina,Api-Ip,3483,1.9919196095320129,0.03877277171101147
2026-07-26,Benzina,Esso,2033,1.9854559763895723,0.038604433914483295
2026-07-26,Benzina,Pompe Bianche,6469,1.9767446282269283,0.03888871450600202
2026-07-26,Benzina,Q8,2648,1.989107250755287,0.03245375973421411
2026-07-26,Benzina,Shell,153,1.9887973856209151,0.018593065868307286
2026-07-26,Benzina,Tamoil,1447,1.9859004837595025,0.03170840595275265
2026-07-26,Gasolio,Agip Eni,3853,2.1580184271995844,0.044382107511966216
2026-07-26,Gasolio,Api-Ip,3485,2.192474318507891,0.05073975424819455
2026-07-26,Gasolio,Esso,2037,2.2035434462444767,0.06107694028905153
2026-07-26,Gasolio,Pompe Bianche,6500,2.1898524615384614,0.05303982354869343
2026-07-26,Gasolio,Q8,2663,2.1981663537363874,0.04200286789113277
2026-07-26,Gasolio,Shell,152,2.2011315789473684,0.025202145449123105
2026-07-26,Gasolio,Tamoil,1423,2.190020379479972,0.04143033745287711
2026-07-27,Benzina,Agip Eni,3847,1.9807449961008579,0.030706276454855866
2026-07-27,Benzina,Api-Ip,3482,1.9925232624928204,0.038496330054635125
2026-07-27,Benzina,Esso,2027,1.9872363098174644,0.037804386942019146
2026-07-27,Benzina,Pompe Bianche,6465,1.9781735498839907,0.03853829761683733
2026-07-27,Benzina,Q8,2646,1.9899172335600908,0.03230311820557372
2026-07-27,Benzina,Shell,153,1.9892549019607844,0.01821708618583574
2026-07-27,Benzina,Tamoil,1443,1.9859244629244632,0.031255299317208544
2026-07-27,Gasolio,Agip Eni,3853,2.158450558006748,0.04448200142184822
2026-07-27,Gasolio,Api-Ip,3480,2.1942853448275863,0.04919069560043984
2026-07-27,Gasolio,Esso,2034,2.2066686332350045,0.06110902684729604
2026-07-27,Gasolio,Pompe Bianche,6498,2.1922722376115726,0.05281750070807419
2026-07-27,Gasolio,Q8,2661,2.200228109733183,0.04205242224967123
2026-07-27,Gasolio,Shell,152,2.2018552631578943,0.024583795851603717
2026-07-27,Gasolio,Tamoil,1420,2.190637323943662,0.04083993249084703
2026-07-28,Benzina,Agip Eni,3849,1.9811504286827748,0.03060945350569015
2026-07-28,Benzina,Api-Ip,3480,1.9994560344827585,0.03818983788296093
2026-07-28,Benzina,Esso,2027,1.9904997533300444,0.03738973753307239
2026-07-28,Benzina,Pompe Bianche,6465,1.9828374323279196,0.03800076972370643
2026-07-28,Benzina,Q8,2650,1.9915196226415095,0.03257606877077365
2026-07-28,Benzina,Shell,153,1.9907581699346406,0.01771856970577199
2026-07-28,Benzina,Tamoil,1448,1.9871761049723757,0.031893071317875755
2026-07-28,Gasolio,Agip Eni,3812,2.112257869884575,0.09454652157833163
2026-07-28,Gasolio,Api-Ip,3492,2.2046818442153495,0.05369372582303686
2026-07-28,Gasolio,Esso,2042,2.209041625857003,0.06828643688838501
2026-07-28,Gasolio,Pompe Bianche,6527,2.196795005362341,0.060941914182736964
2026-07-28,Gasolio,Q8,2667,2.2015290588676417,0.04794053619307284
2026-07-28,Gasolio,Shell,152,2.1958026315789474,0.04950911876322418
2026-07-28,Gasolio,Tamoil,1425,2.190142456140351,0.04800449184129194
2026-07-29,Benzina,Agip Eni,3833,1.9812752413253327,0.030108539822631578
2026-07-29,Benzina,Api-Ip,3478,2.000852788959172,0.03792291436558656
2026-07-29,Benzina,Esso,2027,1.992320177602368,0.0370366617860824
2026-07-29,Benzina,Pompe Bianche,6462,1.9837872175796967,0.037214027325383016
2026-07-29,Benzina,Q8,2651,1.9919743493021502,0.03273726314763031
2026-07-29,Benzina,Shell,153,1.990888888888889,0.01810915570831054
2026-07-29,Benzina,Tamoil,1449,1.9875279503105592,0.031405311490058214
2026-07-29,Gasolio,Agip Eni,3817,2.025414985590778,0.06736179006453262
2026-07-29,Gasolio,Api-Ip,3492,2.0804444444444443,0.08383573752147573
2026-07-29,Gasolio,Esso,2044,2.1026012720156553,0.08553596546771339
2026-07-29,Gasolio,Pompe Bianche,6532,2.108812614819351,0.09418315395618664
2026-07-29,Gasolio,Q8,2670,2.0680666666666667,0.0886428673769355
2026-07-29,Gasolio,Shell,152,2.0585986842105264,0.06718160224627301
2026-07-29,Gasolio,Tamoil,1427,2.045615276804485,0.07369568880921216
2026-07-30,Benzina,Agip Eni,3812,1.9916615949632739,0.030726194756507175
2026-07-30,Benzina,Api-Ip,3477,2.001848720161058,0.03733796764949432
2026-07-30,Benzina,Esso,2032,1.9918626968503939,0.036954392509704746
2026-07-30,Benzina,Pompe Bianche,6458,1.9842714462681947,0.03640314074979113
2026-07-30,Benzina,Q8,2651,1.99250622406639,0.03258488275086918
2026-07-30,Benzina,Shell,153,1.9914771241830067,0.018164846388198427
2026-07-30,Benzina,Tamoil,1449,1.9874541062801931,0.030948352963472522
2026-07-30,Gasolio,Agip Eni,3820,2.035512565445026,0.051198887736825016
2026-07-30,Gasolio,Api-Ip,3486,2.0849397590361445,0.06178515872876308
2026-07-30,Gasolio,Esso,2045,2.087086552567237,0.06728306329790074
2026-07-30,Gasolio,Pompe Bianche,6517,2.0857764308731013,0.07892260553338144
2026-07-30,Gasolio,Q8,2666,2.0598837209302325,0.07064029844862782
2026-07-30,Gasolio,Shell,152,2.0693355263157893,0.04448512573480808
2026-07-30,Gasolio,Tamoil,1425,2.03931649122807,0.060707314166398726
2026-07-31,Benzina,Agip Eni,3847,1.9988970626462177,0.029188527889848853
2026-07-31,Benzina,Api-Ip,3482,2.0134933946008045,0.03814562710965135
2026-07-31,Benzina,Esso,2032,1.995820374015748,0.03691300428087333
2026-07-31,Benzina,Pompe Bianche,6456,1.9880365551425032,0.03645369796005661
2026-07-31,Benzina,Q8,2647,1.9981722704949,0.03162984758096126
2026-07-31,Benzina,Shell,154,1.9940324675324677,0.015245450979581904
2026-07-31,Benzina,Tamoil,1446,1.9953955739972338,0.028475737644109902
2026-07-31,Gasolio,Agip Eni,3812,2.0542505246589715,0.045163738229245645
2026-07-31,Gasolio,Api-Ip,3487,2.1077450530542015,0.05453888576843204
2026-07-31,Gasolio,Esso,2043,2.0965526186979933,0.060426621925774145
2026-07-31,Gasolio,Pompe Bianche,6502,2.0902912949861583,0.06927065741691714
2026-07-31,Gasolio,Q8,2662,2.074389932381668,0.05363636402063765
2026-07-31,Gasolio,Shell,153,2.085196078431373,0.029187699920092767
2026-07-31,Gasolio,Tamoil,1420,2.0750464788732397,0.04831470515896646
2026-08-01,Benzina,Agip Eni,3836,1.9996923879040667,0.030168146846517047
2026-08-01,Benzina,Api-Ip,3490,2.0162828080229227,0.03869010221374019
2026-08-01,Benzina,Esso,2032,1.9988661417322837,0.036909270307589295
2026-08-01,Benzina,Pompe Bianche,6481,1.991577997222651,0.037708197405942556
2026-08-01,Benzina,Q8,2652,2.0042111613876323,0.03284018059014169
2026-08-01,Benzina,Shell,154,1.996201298701299,0.013767148484247494
2026-08-01,Benzina,Tamoil,1447,1.9964091223220457,0.02777019656287349
2026-08-01,Gasolio,Agip Eni,3830,2.067325326370757,0.04233945031344421
2026-08-01,Gasolio,Api-Ip,3487,2.114304559793519,0.05128121695254562
2026-08-01,Gasolio,Esso,2042,2.106745347698335,0.0552760990334189
2026-08-01,Gasolio,Pompe Bianche,6505,2.1011551114527287,0.06011757966237923
2026-08-01,Gasolio,Q8,2666,2.096910352588147,0.046223478575101916
2026-08-01,Gasolio,Shell,153,2.0897058823529413,0.02525263987058441
2026-08-01,Gasolio,Tamoil,1421,2.0799254046446167,0.044515087590204755
2026-08-02,Benzina,Agip Eni,3853,1.9998772385154426,0.02992792889229704
2026-08-02,Benzina,Api-Ip,3490,2.0167707736389686,0.03858571924555147
2026-08-02,Benzina,Esso,2030,1.9997133004926109,0.03661439159943169
2026-08-02,Benzina,Pompe Bianche,6480,1.9926427469135803,0.03755861388061269
2026-08-02,Benzina,Q8,2650,2.004730188679245,0.03266588518166943
2026-08-02,Benzina,Shell,154,1.9963961038961038,0.013686699249824545
2026-08-02,Benzina,Tamoil,1449,1.996583160800552,0.027859060107219818
2026-08-02,Gasolio,Agip Eni,3858,2.076765940902022,0.04046517704698999
2026-08-02,Gasolio,Api-Ip,3488,2.115321100917431,0.05009950055753896
2026-08-02,Gasolio,Esso,2039,2.108670426679745,0.053287223863234486
2026-08-02,Gasolio,Pompe Bianche,6505,2.104401844734819,0.05772405352849053
2026-08-02,Gasolio,Q8,2666,2.1027895723930983,0.0448623784692519
2026-08-02,Gasolio,Shell,153,2.0904248366013074,0.02523512923497746
2026-08-02,Gasolio,Tamoil,1424,2.0811067415730338,0.04444178466681625
2026-08-03,Benzina,Agip Eni,3853,1.9999753438878796,0.030021170522834904
2026-08-03,Benzina,Api-Ip,3486,2.017303499713138,0.03791332294345981
2026-08-03,Benzina,Esso,2023,1.9999243697478992,0.03661166697299829
2026-08-03,Benzina,Pompe Bianche,6480,1.9931882716049383,0.03696285790398243
2026-08-03,Benzina,Q8,2645,2.0051221172022684,0.03196829435909648
2026-08-03,Benzina,Shell,154,1.9963961038961038,0.013686699249824545
2026-08-03,Benzina,Tamoil,1448,1.996800414364641,0.02814724979232823
2026-08-03,Gasolio,Agip Eni,3858,2.077191809227579,0.04037587868085505
2026-08-03,Gasolio,Api-Ip,3488,2.1160610665137614,0.04988105149455676
2026-08-03,Gasolio,Esso,2032,2.109501476377953,0.05258633376696042
2026-08-03,Gasolio,Pompe Bianche,6510,2.1056970814132105,0.05693029626974566
2026-08-03,Gasolio,Q8,2664,2.1035322822822824,0.04465630093911736
2026-08-03,Gasolio,Shell,153,2.0897058823529413,0.02361001191314186
2026-08-03,Gasolio,Tamoil,1424,2.0814641853932585,0.044506651247189846
2026-08-04,Benzina,Agip Eni,3851,1.999938457543495,0.0298701536934803
2026-08-04,Benzina,Api-Ip,3489,2.0173817712811695,0.03860310823992903
2026-08-04,Benzina,Esso,2022,2.0015089020771515,0.03615704201350062
2026-08-04,Benzina,Pompe Bianche,6487,1.99393047633729,0.03671353558096503
2026-08-04,Benzina,Q8,2648,2.005018126888218,0.03302179066654085
2026-08-04,Benzina,Shell,154,1.9972272727272729,0.013558164569745304
2026-08-04,Benzina,Tamoil,1447,1.9972059433310299,0.028084103940004358
2026-08-04,Gasolio,Agip Eni,3859,2.078162736460223,0.039944569555683714
2026-08-04,Gasolio,Api-Ip,3486,2.117849971313827,0.04937534783851372
2026-08-04,Gasolio,Esso,2030,2.1147054187192116,0.04893995999965572
2026-08-04,Gasolio,Pompe Bianche,6515,2.1103867996930163,0.053552317130637773
2026-08-04,Gasolio,Q8,2664,2.106597597597598,0.042742355855607844
2026-08-04,Gasolio,Shell,153,2.0925816993464053,0.022653457496967424
2026-08-04,Gasolio,Tamoil,1422,2.0876884669479607,0.04208786585701722
2026-08-05,Benzina,Agip Eni,3851,1.999775383017398,0.02958437946167678
2026-08-05,Benzina,Api-Ip,3488,2.0135538990825688,0.03843055952808474
2026-08-05,Benzina,Esso,2021,2.00008312716477,0.036550900590524155
2026-08-05,Benzina,Pompe Bianche,6491,1.9931039901401943,0.03687806670365152
2026-08-05,Benzina,Q8,2648,1.9996650302114805,0.034212407261879005
2026-08-05,Benzina,Shell,154,1.995279220779221,0.014434208076217321
2026-08-05,Benzina,Tamoil,1446,1.9959937759336102,0.02794449446532836
2026-08-05,Gasolio,Agip Eni,3859,2.077465405545478,0.03853013514870622
2026-08-05,Gasolio,Api-Ip,3487,2.1122090622311442,0.04879150143270656
2026-08-05,Gasolio,Esso,2032,2.112246062992126,0.04874027554415455
2026-08-05,Gasolio,Pompe Bianche,6513,2.107470904345156,0.0518489388465836
2026-08-05,Gasolio,Q8,2664,2.1016482732732733,0.04522798023393295
2026-08-05,Gasolio,Shell,153,2.0903333333333336,0.025338497857690965
2026-08-05,Gasolio,Tamoil,1421,2.0860619282195634,0.04015817800630874
2026-08-06,Benzina,Agip Eni,3850,1.9992875324675323,0.0289562283398071
2026-08-06,Benzina,Api-Ip,3482,2.006217403790925,0.036257238032922634
2026-08-06,Benzina,Esso,2021,1.99667639782286,0.03614917089675549
2026-08-06,Benzina,Pompe Bianche,6476,1.989719271155034,0.036167921611031995
2026-08-06,Benzina,Q8,2646,1.9960842781557069,0.034536653256164916
2026-08-06,Benzina,Shell,154,1.9879285714285715,0.019021180881555504
2026-08-06,Benzina,Tamoil,1447,1.9901755355908777,0.030421808871608627
2026-08-06,Gasolio,Agip Eni,3859,2.076741383778181,0.037498822863883834
2026-08-06,Gasolio,Api-Ip,3486,2.1023235800344233,0.047232417805381045
2026-08-06,Gasolio,Esso,2034,2.105524582104228,0.04949354556981797
2026-08-06,Gasolio,Pompe Bianche,6509,2.101202949761868,0.052377587118487376
2026-08-06,Gasolio,Q8,2662,2.0948253193087902,0.04546953989268885
2026-08-06,Gasolio,Shell,153,2.079928104575164,0.025261033174469143
2026-08-06,Gasolio,Tamoil,1419,2.081658914728682,0.04009891608305328
2026-08-07,Benzina,Agip Eni,3846,1.9989139365574624,0.02897830457464593
2026-08-07,Benzina,Api-Ip,3480,1.9986617816091954,0.03621203611946996
2026-08-07,Benzina,Esso,2022,1.9932720079129576,0.03658577252073636
2026-08-07,Benzina,Pompe Bianche,6474,1.9858019771393265,0.037037590632155254
2026-08-07,Benzina,Q8,2644,1.991480332829047,0.03482593860526702
2026-08-07,Benzina,Shell,154,1.979487012987013,0.020032077874264906
2026-08-07,Benzina,Tamoil,1446,1.9839813278008298,0.031432516783027595
2026-08-07,Gasolio,Agip Eni,3857,2.07574358309567,0.036337048166018335
2026-08-07,Gasolio,Api-Ip,3484,2.0919460390355913,0.04684633144479877
2026-08-07,Gasolio,Esso,2032,2.0974847440944884,0.04919427381917736
2026-08-07,Gasolio,Pompe Bianche,6513,2.092600798403194,0.05406374785645419
2026-08-07,Gasolio,Q8,2660,2.0873484962406015,0.04506801489024189
2026-08-07,Gasolio,Shell,153,2.0681241830065358,0.027355438279069322
2026-08-07,Gasolio,Tamoil,1417,2.0748609738884967,0.04062208365765229
2026-08-08,Benzina,Agip Eni,3848,1.9956756756756755,0.02951280708389576
2026-08-08,Benzina,Api-Ip,3482,1.99568236645606,0.035611362193743765
2026-08-08,Benzina,Esso,2006,1.9907298105682951,0.036744257069575244
2026-08-08,Benzina,Pompe Bianche,6482,1.982048596112311,0.03781011297451099
2026-08-08,Benzina,Q8,2643,1.987622020431328,0.035986021123204114
2026-08-08,Benzina,Shell,153,1.9786732026143792,0.020251975233541917
2026-08-08,Benzina,Tamoil,1444,1.9807181440443213,0.03162063201629936
2026-08-08,Gasolio,Agip Eni,3854,2.0748393876491957,0.03434205120420509
2026-08-08,Gasolio,Api-Ip,3483,2.0872905541200115,0.04527991935560004
2026-08-08,Gasolio,Esso,2017,2.0915166088249877,0.049145554858031286
2026-08-08,Gasolio,Pompe Bianche,6515,2.083647429009977,0.053383601371295254
2026-08-08,Gasolio,Q8,2659,2.0804870251974426,0.04524534863941671
2026-08-08,Gasolio,Shell,152,2.066309210526316,0.027926875553497967
2026-08-08,Gasolio,Tamoil,1416,2.0696920903954803,0.04006535078036469
2026-08-09,Benzina,Agip Eni,3849,1.994921278254092,0.029327276987416155
2026-08-09,Benzina,Api-Ip,3480,1.995193103448276,0.03525909615394583
2026-08-09,Benzina,Esso,1977,1.9910682852807284,0.034432103152047484
2026-08-09,Benzina,Pompe Bianche,6480,1.9806734567901236,0.037831812419663734
2026-08-09,Benzina,Q8,2645,1.9867058601134218,0.035343019557693006
2026-08-09,Benzina,Shell,153,1.977823529411765,0.020939486008577347
2026-08-09,Benzina,Tamoil,1445,1.980368858131488,0.03145555276251729
2026-08-09,Gasolio,Agip Eni,3854,2.074494551115724,0.03379785016426762
2026-08-09,Gasolio,Api-Ip,3483,2.086309216192937,0.045262835626597976
2026-08-09,Gasolio,Esso,1988,2.09048138832998,0.04754517525119575
2026-08-09,Gasolio,Pompe Bianche,6514,2.081051274178692,0.0531067092401448
2026-08-09,Gasolio,Q8,2660,2.0791214285714283,0.04445492783386656
2026-08-09,Gasolio,Shell,152,2.0644934210526316,0.026774010505525907
2026-08-09,Gasolio,Tamoil,1417,2.0690402258292164,0.039633728316775155
2026-08-10,Benzina,Agip Eni,3848,1.993987785862786,0.029191320652531685
2026-08-10,Benzina,Api-Ip,3479,1.9948830123598735,0.035218350307739135
2026-08-10,Benzina,Esso,1978,1.9903614762386248,0.034399586995742616
2026-08-10,Benzina,Pompe Bianche,6477,1.9802363748649066,0.03778994785735261
2026-08-10,Benzina,Q8,2644,1.986371406959153,0.03524408848479054
2026-08-10,Benzina,Shell,152,1.9774210526315792,0.020535714751173956
2026-08-10,Benzina,Tamoil,1440,1.9800597222222223,0.03135808190604443
2026-08-10,Gasolio,Agip Eni,3854,2.0743341982355994,0.033600342467452436
2026-08-10,Gasolio,Api-Ip,3479,2.085751077895947,0.045010453176859776
2026-08-10,Gasolio,Esso,1990,2.089031658291457,0.047254320885999596
2026-08-10,Gasolio,Pompe Bianche,6511,2.0799081554292735,0.052963722733567954
2026-08-10,Gasolio,Q8,2658,2.0782336343115126,0.04336572774556737
2026-08-10,Gasolio,Shell,151,2.064,0.025200000000000042
2026-08-10,Gasolio,Tamoil,1412,2.0684518413597734,0.03935746988834102
2026-08-11,Benzina,Agip Eni,3849,1.9906149649259548,0.028811539840276748
2026-08-11,Benzina,Api-Ip,3481,1.9939951163458776,0.034960761736560306
2026-08-11,Benzina,Esso,1978,1.9879186046511628,0.03479616121471084
2026-08-11,Benzina,Pompe Bianche,6476,1.9783534589252627,0.037696114590438284
2026-08-11,Benzina,Q8,2644,1.9831989409984874,0.03625350770162107
2026-08-11,Benzina,Shell,152,1.9771907894736842,0.019997593746848542
2026-08-11,Benzina,Tamoil,1440,1.9783284722222223,0.03200444757833239
2026-08-11,Gasolio,Agip Eni,3855,2.0739317769131,0.033185663874634945
2026-08-11,Gasolio,Api-Ip,3485,2.0841497847919657,0.044223280841763316
2026-08-11,Gasolio,Esso,1989,2.0848426344896933,0.04650144274494892
2026-08-11,Gasolio,Pompe Bianche,6512,2.0759176904176906,0.05210798288374386
2026-08-11,Gasolio,Q8,2659,2.073701391500564,0.043162069262769845
2026-08-11,Gasolio,Shell,151,2.064298013245033,0.02437452076848192
2026-08-11,Gasolio,Tamoil,1413,2.064430997876858,0.03988915699556156
2026-08-12,Benzina,Agip Eni,3848,1.9903178274428275,0.028831151996723096
2026-08-12,Benzina,Api-Ip,3479,1.9982121299223914,0.03386516174510642
2026-08-12,Benzina,Esso,1977,1.9905452706120383,0.033588349555319016
2026-08-12,Benzina,Pompe Bianche,6477,1.9794347691832639,0.037293863516926526
2026-08-12,Benzina,Q8,2645,1.9861289224952743,0.034192660945994456
2026-08-12,Benzina,Shell,153,1.9875359477124184,0.017284776593638237
2026-08-12,Benzina,Tamoil,1444,1.9800263157894735,0.031542851645840274
2026-08-12,Gasolio,Agip Eni,3854,2.0740269849507005,0.03297141560454053
2026-08-12,Gasolio,Api-Ip,3485,2.09241893830703,0.042302340897056326
2026-08-12,Gasolio,Esso,1988,2.0878737424547285,0.04420775692338756
2026-08-12,Gasolio,Pompe Bianche,6515,2.0762669224865697,0.05094638108888627
2026-08-12,Gasolio,Q8,2658,2.0766286681715576,0.039787119331405746
2026-08-12,Gasolio,Shell,152,2.0793355263157896,0.021905257791828326
2026-08-12,Gasolio,Tamoil,1419,2.0663347427766032,0.03887441351610089
2026-08-13,Benzina,Agip Eni,3847,1.9903025734338446,0.028711884021557197
2026-08-13,Benzina,Api-Ip,3479,2.0036826674331705,0.03354211545440267
2026-08-13,Benzina,Esso,1979,1.9932122283981808,0.03279617218589573
2026-08-13,Benzina,Pompe Bianche,6479,1.981488038277512,0.03690701336508403
2026-08-13,Benzina,Q8,2642,1.9902850113550343,0.03330876507073666
2026-08-13,Benzina,Shell,153,1.9906732026143794,0.01544763227699496
2026-08-13,Benzina,Tamoil,1446,1.9852842323651452,0.0308835762278497
2026-08-13,Gasolio,Agip Eni,3848,2.0858167879417877,0.033270597109920884
2026-08-13,Gasolio,Api-Ip,3486,2.099083763625932,0.0410158087625032
2026-08-13,Gasolio,Esso,1990,2.0913934673366836,0.04277953887952483
2026-08-13,Gasolio,Pompe Bianche,6517,2.0792392205002304,0.04942719788349249
2026-08-13,Gasolio,Q8,2656,2.0821298945783133,0.03816125062783455
2026-08-13,Gasolio,Shell,152,2.0852894736842105,0.019282710774693824
2026-08-13,Gasolio,Tamoil,1420,2.0748014084507043,0.03743067820684017
2026-08-14,Benzina,Agip Eni,3849,1.9904325798908808,0.02892579021430984
2026-08-14,Benzina,Api-Ip,3482,2.005490235496841,0.03367815874317679
2026-08-14,Benzina,Esso,1977,1.9950343955488112,0.03246492705077692
2026-08-14,Benzina,Pompe Bianche,6476,1.9841187461395924,0.03659502188695018
2026-08-14,Benzina,Q8,2646,1.9919346182917614,0.03331627490463973
2026-08-14,Benzina,Shell,153,1.991653594771242,0.01469484346608034
2026-08-14,Benzina,Tamoil,1439,1.9906580958999307,0.030275850265624363
2026-08-14,Gasolio,Agip Eni,3855,2.091049805447471,0.032615212087470126
2026-08-14,Gasolio,Api-Ip,3486,2.1017794033275963,0.04025782532148495
2026-08-14,Gasolio,Esso,1987,2.0961992954202318,0.04195126817891826
2026-08-14,Gasolio,Pompe Bianche,6518,2.0843056152193924,0.04820986169699275
2026-08-14,Gasolio,Q8,2660,2.0898605263157894,0.03591209471118317
2026-08-14,Gasolio,Shell,152,2.0905526315789476,0.01858782250148755
2026-08-14,Gasolio,Tamoil,1415,2.087730035335689,0.03664083555152472
2026-08-15,Benzina,Agip Eni,3848,1.9906073284823285,0.02914807027690497
2026-08-15,Benzina,Api-Ip,3482,2.0066616886846638,0.03384600825797199
2026-08-15,Benzina,Esso,1979,1.9973132895401717,0.03265874167397657
2026-08-15,Benzina,Pompe Bianche,6476,1.9870540457072268,0.0368290784141331
2026-08-15,Benzina,Q8,2645,1.9959255198487713,0.031775833638282035
2026-08-15,Benzina,Shell,153,1.9921111111111112,0.014029834543213293
2026-08-15,Benzina,Tamoil,1444,1.9943116343490306,0.030321695899693534
2026-08-15,Gasolio,Agip Eni,3854,2.092172029060716,0.033269206636682806
2026-08-15,Gasolio,Api-Ip,3484,2.1039107347876005,0.03898434662531562
2026-08-15,Gasolio,Esso,1986,2.100640483383686,0.04117905428010058
2026-08-15,Gasolio,Pompe Bianche,6520,2.0900650306748467,0.0469748252986786
2026-08-15,Gasolio,Q8,2659,2.1002177510342235,0.034567046563280905
2026-08-15,Gasolio,Shell,152,2.0918026315789473,0.018600733259663244
2026-08-15,Gasolio,Tamoil,1418,2.093994358251058,0.0355163937304663
2026-08-16,Benzina,Agip Eni,3846,1.990692407696308,0.028995040687582387
2026-08-16,Benzina,Api-Ip,3482,2.006847214244687,0.03380350607944239
2026-08-16,Benzina,Esso,1975,1.997633417721519,0.032766177504594436
2026-08-16,Benzina,Pompe Bianche,6476,1.9873638048177886,0.036804710282419814
2026-08-16,Benzina,Q8,2644,1.9976807866868382,0.032262160280846545
2026-08-16,Benzina,Shell,153,1.9921111111111112,0.014029834543213293
2026-08-16,Benzina,Tamoil,1445,1.9944671280276818,0.030432156148166613
2026-08-16,Gasolio,Agip Eni,3854,2.0923951738453557,0.033309943498943145
2026-08-16,Gasolio,Api-Ip,3484,2.104137772675086,0.038850900120474756
2026-08-16,Gasolio,Esso,1982,2.1014273461150355,0.04140912114990081
2026-08-16,Gasolio,Pompe Bianche,6520,2.090560736196319,0.046638258531362525
2026-08-16,Gasolio,Q8,2658,2.1025624529721596,0.03522501534402326
2026-08-16,Gasolio,Shell,152,2.0918026315789473,0.018600733259663244
2026-08-16,Gasolio,Tamoil,1419,2.0943255813953487,0.03573469847603354
2026-08-17,Benzina,Agip Eni,3844,1.9908605619146724,0.02892095007807004
2026-08-17,Benzina,Api-Ip,3480,2.007070402298851,0.033548803332898496
2026-08-17,Benzina,Esso,1976,1.9985678137651823,0.03297705311085542
2026-08-17,Benzina,Pompe Bianche,6474,1.9878578931109052,0.0365545104699308
2026-08-17,Benzina,Q8,2644,1.9980650529500756,0.032371243310252804
2026-08-17,Benzina,Shell,153,1.9928300653594773,0.013242570334895265
2026-08-17,Benzina,Tamoil,1446,1.9946023513139697,0.030586610273639507
2026-08-17,Gasolio,Agip Eni,3851,2.092807582446118,0.033147190116531056
2026-08-17,Gasolio,Api-Ip,3482,2.1046249282021825,0.038863583174550256
2026-08-17,Gasolio,Esso,1983,2.103465960665658,0.041689590109328725
2026-08-17,Gasolio,Pompe Bianche,6518,2.0915918993556306,0.04631841754242579
2026-08-17,Gasolio,Q8,2659,2.103317788642347,0.03527486645453042
2026-08-17,Gasolio,Shell,152,2.0933157894736842,0.018070289930727557
2026-08-17,Gasolio,Tamoil,1420,2.0948661971830984,0.03592997434879763
2026-08-18,Benzina,Agip Eni,3796,1.9956614857744994,0.028865505256861924
2026-08-18,Benzina,Api-Ip,3476,2.0078621979286537,0.03262565964076521
2026-08-18,Benzina,Esso,1979,1.9999939363314807,0.033158548617644924
2026-08-18,Benzina,Pompe Bianche,6473,1.9899701838405688,0.036288244915089245
2026-08-18,Benzina,Q8,2641,1.999230594471791,0.03140466916625503
2026-08-18,Benzina,Shell,153,1.9936862745098038,0.012731782955015517
2026-08-18,Benzina,Tamoil,1447,1.9938451969592261,0.02942140671301993
2026-08-18,Gasolio,Agip Eni,3804,2.1029398002103052,0.03387366209941414
2026-08-18,Gasolio,Api-Ip,3481,2.1099379488652685,0.03810282743964137
2026-08-18,Gasolio,Esso,1985,2.1058896725440803,0.04103893238025211
2026-08-18,Gasolio,Pompe Bianche,6521,2.0957317896028216,0.04502664156832667
2026-08-18,Gasolio,Q8,2660,2.1077056390977447,0.03439508148656828
2026-08-18,Gasolio,Shell,152,2.0952894736842107,0.01785208970977703
2026-08-18,Gasolio,Tamoil,1420,2.0965605633802817,0.034789144293023364
2026-08-19,Benzina,Agip Eni,3843,1.9987257351027843,0.028516016143184966
2026-08-19,Benzina,Api-Ip,3478,2.0123536515238643,0.03249979539603141
2026-08-19,Benzina,Esso,1975,2.0028070886075953,0.03348662952614095
2026-08-19,Benzina,Pompe Bianche,6478,1.992144952145724,0.036269097209225776
2026-08-19,Benzina,Q8,2639,2.0045547555892385,0.03068400070226812
2026-08-19,Benzina,Shell,153,1.9953660130718953,0.011700625058644758
2026-08-19,Benzina,Tamoil,1442,1.9945388349514563,0.02926767899028962
2026-08-19,Gasolio,Agip Eni,3852,2.1101570612668747,0.03400053453202842
2026-08-19,Gasolio,Api-Ip,3482,2.1169968408960367,0.037865366379544366
2026-08-19,Gasolio,Esso,1983,2.113500252143217,0.04183160073819571
2026-08-19,Gasolio,Pompe Bianche,6521,2.1020808158257935,0.044838945621944445
2026-08-19,Gasolio,Q8,2657,2.12170455400828,0.03414736554083939
2026-08-19,Gasolio,Shell,152,2.109368421052632,0.021251469512266974
2026-08-19,Gasolio,Tamoil,1416,2.104098870056497,0.03475729232473457
2026-08-20,Benzina,Agip Eni,3846,1.9996276651066043,0.029446602911021785
2026-08-20,Benzina,Api-Ip,3488,2.0145625,0.03456326051794305
2026-08-20,Benzina,Esso,1975,2.009820253164557,0.03447565834285041
2026-08-20,Benzina,Pompe Bianche,6506,1.9969608054103904,0.038614651561299417
2026-08-20,Benzina,Q8,2646,2.0098737717309145,0.03287100203759892
2026-08-20,Benzina,Shell,153,2.0079150326797386,0.015404607868571523
2026-08-20,Benzina,Tamoil,1443,2.0022189882189885,0.02981843810208681
2026-08-20,Gasolio,Agip Eni,3852,2.111951453790239,0.03485926716619279
2026-08-20,Gasolio,Api-Ip,3489,2.1259968472341644,0.039723344321619246
2026-08-20,Gasolio,Esso,1985,2.1250997481108316,0.043986149819512495
2026-08-20,Gasolio,Pompe Bianche,6528,2.1113556985294117,0.045660261903378345
2026-08-20,Gasolio,Q8,2660,2.1321135338345867,0.03630494157195472
2026-08-20,Gasolio,Shell,152,2.126480263157895,0.02247735295707131
2026-08-20,Gasolio,Tamoil,1416,2.1209781073446328,0.03548076990061531
2026-08-21,Benzina,Agip Eni,3846,1.9996276651066043,0.029446602911021785
2026-08-21,Benzina,Api-Ip,3488,2.0145625,0.03456326051794305
2026-08-21,Benzina,Esso,1975,2.009820253164557,0.03447565834285041
2026-08-21,Benzina,Pompe Bianche,6506,1.9969608054103904,0.038614651561299417
2026-08-21,Benzina,Q8,2646,2.0098737717309145,0.03287100203759892
2026-08-21,Benzina,Shell,153,2.0079150326797386,0.015404607868571523
2026-08-21,Benzina,Tamoil,1443,2.0022189882189885,0.02981843810208681
2026-08-21,Gasolio,Agip Eni,3852,2.111951453790239,0.03485926716619279
2026-08-21,Gasolio,Api-Ip,3489,2.1259968472341644,0.039723344321619246
2026-08-21,Gasolio,Esso,1985,2.1250997481108316,0.043986149819512495
2026-08-21,Gasolio,Pompe Bianche,6528,2.1113556985294117,0.045660261903378345
2026-08-21,Gasolio,Q8,2660,2.1321135338345867,0.03630494157195472
2026-08-21,Gasolio,Shell,152,2.126480263157895,0.02247735295707131
2026-08-21,Gasolio,Tamoil,1416,2.1209781073446328,0.03548076990061531
2026-08-22,Benzina,Agip Eni,3799,2.012812845485654,0.029951707370229702
2026-08-22,Benzina,Api-Ip,3481,2.018320022981902,0.034204042471304194
2026-08-22,Benzina,Esso,1979,2.0153532086912582,0.035152176090323964
2026-08-22,Benzina,Pompe Bianche,6506,2.003804334460498,0.03774843286986101
2026-08-22,Benzina,Q8,2643,2.014757850926977,0.03200502080568938
2026-08-22,Benzina,Shell,153,2.0103986928104574,0.013895919445196131
2026-08-22,Benzina,Tamoil,1447,2.005511402902557,0.030182977737889582
2026-08-22,Gasolio,Agip Eni,3804,2.126519978969506,0.03514410243924849
2026-08-22,Gasolio,Api-Ip,3484,2.143235074626866,0.04000907331015925
2026-08-22,Gasolio,Esso,1985,2.136026700251889,0.042529197660815345
2026-08-22,Gasolio,Pompe Bianche,6533,2.1236295729373946,0.0442580350102468
2026-08-22,Gasolio,Q8,2659,2.14004663407296,0.035735411643956626
2026-08-22,Gasolio,Shell,152,2.1297039473684207,0.02145990835102263
2026-08-22,Gasolio,Tamoil,1420,2.1262471830985916,0.03574692029523192
2026-08-23,Benzina,Agip Eni,3846,2.0163684347373896,0.029359353411883247
2026-08-23,Benzina,Api-Ip,3484,2.0188389781859932,0.03433102384195447
2026-08-23,Benzina,Esso,1979,2.0159398686205154,0.035365717808924266
2026-08-23,Benzina,Pompe Bianche,6506,2.00494067015063,0.037416818528435335
2026-08-23,Benzina,Q8,2643,2.0171645856980702,0.03299441035644692
2026-08-23,Benzina,Shell,153,2.010529411764706,0.013786940246560611
2026-08-23,Benzina,Tamoil,1448,2.005885359116022,0.030280250195624976
2026-08-23,Gasolio,Agip Eni,3850,2.130180779220779,0.033975692324325374
2026-08-23,Gasolio,Api-Ip,3486,2.144838496844521,0.040017019599120594
2026-08-23,Gasolio,Esso,1985,2.137068010075567,0.042603206155377875
2026-08-23,Gasolio,Pompe Bianche,6533,2.125508648400429,0.043673899365849325
2026-08-23,Gasolio,Q8,2660,2.14302969924812,0.036640886856145985
2026-08-23,Gasolio,Shell,152,2.129967105263158,0.021201155086349968
2026-08-23,Gasolio,Tamoil,1421,2.1267593244194227,0.03568837828105952
2026-08-24,Benzina,Agip Eni,3845,2.0172663198959686,0.02919433829098234
2026-08-24,Benzina,Api-Ip,3484,2.0191248564867967,0.03437887685935811
2026-08-24,Benzina,Esso,1978,2.0164716885743177,0.03483230230758
2026-08-24,Benzina,Pompe Bianche,6505,2.005556495003843,0.03731780563590768
2026-08-24,Benzina,Q8,2643,2.017417707150965,0.03286630668026768
2026-08-24,Benzina,Shell,153,2.0111830065359477,0.012855696007943
2026-08-24,Benzina,Tamoil,1447,2.0059384934346927,0.030221056543182336
2026-08-24,Gasolio,Agip Eni,3849,2.1314544037412313,0.03355722548869556
2026-08-24,Gasolio,Api-Ip,3486,2.1457085484796328,0.03986745574190729
2026-08-24,Gasolio,Esso,1984,2.1382197580645164,0.042210792174967045
2026-08-24,Gasolio,Pompe Bianche,6529,2.126545872262215,0.0432882433761427
2026-08-24,Gasolio,Q8,2660,2.14380977443609,0.036373887630284985
2026-08-24,Gasolio,Shell,152,2.131611842105263,0.019271173731288976
2026-08-24,Gasolio,Tamoil,1418,2.1269661495063468,0.03551284097057287
2026-08-25,Benzina,Agip Eni,3845,2.0172663198959686,0.02919433829098234
2026-08-25,Benzina,Api-Ip,3484,2.0191248564867967,0.03437887685935811
2026-08-25,Benzina,Esso,1978,2.0164716885743177,0.03483230230758
2026-08-25,Benzina,Pompe Bianche,6505,2.005556495003843,0.03731780563590768
2026-08-25,Benzina,Q8,2643,2.017417707150965,0.03286630668026768
2026-08-25,Benzina,Shell,153,2.0111830065359477,0.012855696007943
2026-08-25,Benzina,Tamoil,1447,2.0059384934346927,0.030221056543182336
2026-08-25,Gasolio,Agip Eni,3849,2.1314544037412313,0.03355722548869556
2026-08-25,Gasolio,Api-Ip,3486,2.1457085484796328,0.03986745574190729
2026-08-25,Gasolio,Esso,1984,2.1382197580645164,0.042210792174967045
2026-08-25,Gasolio,Pompe Bianche,6529,2.126545872262215,0.0432882433761427
2026-08-25,Gasolio,Q8,2660,2.14380977443609,0.036373887630284985
2026-08-25,Gasolio,Shell,152,2.131611842105263,0.019271173731288976
2026-08-25,Gasolio,Tamoil,1418,2.1269661495063468,0.03551284097057287
2026-08-26,Benzina,Agip Eni,3843,2.026935987509758,0.02911923402039049
2026-08-26,Benzina,Api-Ip,3487,2.0276595927731575,0.03471258489912775
2026-08-26,Benzina,Esso,1977,2.0231456752655537,0.03718971526946201
2026-08-26,Benzina,Pompe Bianche,6501,2.0113851715120754,0.037744740908316796
2026-08-26,Benzina,Q8,2645,2.0191671077504725,0.035274749031050164
2026-08-26,Benzina,Shell,153,2.014287581699347,0.011739313843154672
2026-08-26,Benzina,Tamoil,1447,2.0125231513476156,0.030277976494501122
2026-08-26,Gasolio,Agip Eni,3848,2.141171257796258,0.03291866820166996
2026-08-26,Gasolio,Api-Ip,3482,2.150174612291786,0.03789133010814907
2026-08-26,Gasolio,Esso,1984,2.14850252016129,0.0412703592838816
2026-08-26,Gasolio,Pompe Bianche,6531,2.134096309906599,0.042684020883168854
2026-08-26,Gasolio,Q8,2661,2.1425851183765503,0.03843948456916022
2026-08-26,Gasolio,Shell,152,2.140986842105263,0.01898238529666528
2026-08-26,Gasolio,Tamoil,1419,2.1303382663847783,0.035277537854919924
2026-08-27,Benzina,Agip Eni,3844,2.027132934443288,0.029280082024417696
2026-08-27,Benzina,Api-Ip,3482,2.022742102240092,0.0371580566542582
2026-08-27,Benzina,Esso,1979,2.0228605356240523,0.03721581572744281
2026-08-27,Benzina,Pompe Bianche,6499,2.01155223880597,0.03783371673962039
2026-08-27,Benzina,Q8,2647,2.0163513411409144,0.034725710950751415
2026-08-27,Benzina,Shell,153,2.012718954248366,0.013255811792102043
2026-08-27,Benzina,Tamoil,1448,2.0126878453038675,0.030598464059782574
2026-08-27,Gasolio,Agip Eni,3849,2.141227851389971,0.032899555659005854
2026-08-27,Gasolio,Api-Ip,3478,2.141261644623347,0.04039623243420804
2026-08-27,Gasolio,Esso,1985,2.1462821158690177,0.040671319841107015
2026-08-27,Gasolio,Pompe Bianche,6526,2.13268633159669,0.04230635382617618
2026-08-27,Gasolio,Q8,2662,2.137946656649136,0.038310772695008384
2026-08-27,Gasolio,Shell,152,2.1404276315789477,0.01954366887329313
2026-08-27,Gasolio,Tamoil,1420,2.12925,0.03578707537531187
2026-08-28,Benzina,Agip Eni,3845,2.0272353706111836,0.02943999518941121
2026-08-28,Benzina,Api-Ip,3483,2.0211042204995695,0.036588334911111776
2026-08-28,Benzina,Esso,1977,2.0214881133029845,0.03668937596961556
2026-08-28,Benzina,Pompe Bianche,6500,2.011215230769231,0.03803377134947533
2026-08-28,Benzina,Q8,2646,2.0142838246409673,0.03508511846753337
2026-08-28,Benzina,Shell,153,2.0110849673202615,0.014062804482045551
2026-08-28,Benzina,Tamoil,1447,2.0065846579129234,0.03257046175359035
2026-08-28,Gasolio,Agip Eni,3849,2.1411249675240325,0.03267133348772511
2026-08-28,Gasolio,Api-Ip,3480,2.1379094827586207,0.03972527274113122
2026-08-28,Gasolio,Esso,1982,2.142571140262361,0.04067450901493195
2026-08-28,Gasolio,Pompe Bianche,6528,2.1300461090686276,0.043063094156322125
2026-08-28,Gasolio,Q8,2661,2.1340616309658023,0.03903296222483932
2026-08-28,Gasolio,Shell,152,2.1351776315789475,0.021500069913234165
2026-08-28,Gasolio,Tamoil,1419,2.122342494714588,0.03698638436980359
2026-08-29,Benzina,Agip Eni,3841,2.027568081228847,0.028776927818596695
2026-08-29,Benzina,Api-Ip,3484,2.029588978185993,0.03590913268449735
2026-08-29,Benzina,Esso,1978,2.0210561172901924,0.03715178759750121
2026-08-29,Benzina,Pompe Bianche,6501,2.0114694662359636,0.03833265566879927
2026-08-29,Benzina,Q8,2646,2.0174950869236583,0.03428435211651434
2026-08-29,Benzina,Shell,153,2.008797385620915,0.014871979780571927
2026-08-29,Benzina,Tamoil,1448,2.0066982044198896,0.03299472340938973
2026-08-29,Gasolio,Agip Eni,3848,2.140928794178794,0.032190735215926095
2026-08-29,Gasolio,Api-Ip,3482,2.1450002871912695,0.03892669839887455
2026-08-29,Gasolio,Esso,1983,2.139056480080686,0.04115462508158626
2026-08-29,Gasolio,Pompe Bianche,6530,2.126065237366003,0.0443034520772874
2026-08-29,Gasolio,Q8,2661,2.13158699736941,0.03962787955955764
2026-08-29,Gasolio,Shell,152,2.129388157894737,0.024814290195544052
2026-08-29,Gasolio,Tamoil,1421,2.1200682617874738,0.0367760291897099
2026-08-30,Benzina,Agip Eni,3843,2.027590684361176,0.028945195601106127
2026-08-30,Benzina,Api-Ip,3482,2.0305594485927627,0.036005570262909015
2026-08-30,Benzina,Esso,1978,2.020959049544995,0.03699850085831587
2026-08-30,Benzina,Pompe Bianche,6499,2.0116060932451147,0.038227284354433504
2026-08-30,Benzina,Q8,2645,2.0176616257088846,0.034006018394817275
2026-08-30,Benzina,Shell,153,2.009294117647059,0.017105278637763836
2026-08-30,Benzina,Tamoil,1447,2.0068569454042846,0.033039954308450296
2026-08-30,Gasolio,Agip Eni,3848,2.140966476091476,0.03214552413586172
2026-08-30,Gasolio,Api-Ip,3482,2.145663986214819,0.03916691666529511
2026-08-30,Gasolio,Esso,1983,2.1375779122541605,0.04091628203414647
2026-08-30,Gasolio,Pompe Bianche,6532,2.124847979179424,0.04461691864513739
2026-08-30,Gasolio,Q8,2659,2.1310895073335843,0.03935284758391136
2026-08-30,Gasolio,Shell,152,2.1284539473684214,0.025737554393714137
2026-08-30,Gasolio,Tamoil,1420,2.1199957746478875,0.03682801939334838
2026-08-31,Benzina,Agip Eni,3835,2.0279374185136896,0.029207480857469326
2026-08-31,Benzina,Api-Ip,3483,2.0307103072064314,0.03597637355721579
2026-08-31,Benzina,Esso,1975,2.0211777215189874,0.03647975260920754
2026-08-31,Benzina,Pompe Bianche,6490,2.011748382126348,0.03815967641767288
2026-08-31,Benzina,Q8,2644,2.0176342662632374,0.0339650358573823
2026-08-31,Benzina,Shell,153,2.0091633986928104,0.017107038223899043
2026-08-31,Benzina,Tamoil,1447,2.0069689011748446,0.032797859464370374
2026-08-31,Gasolio,Agip Eni,3841,2.1413353293413175,0.032117282210933844
2026-08-31,Gasolio,Api-Ip,3481,2.145559322033898,0.039093940795173636
2026-08-31,Gasolio,Esso,1982,2.136988900100908,0.04087403085932021
2026-08-31,Gasolio,Pompe Bianche,6524,2.124450643776824,0.04465368658672016
2026-08-31,Gasolio,Q8,2658,2.1307795334838224,0.039173531916246375
2026-08-31,Gasolio,Shell,152,2.1283223684210526,0.025734405545699137
2026-08-31,Gasolio,Tamoil,1419,2.1200669485553205,0.036569645283991016
2026-09-01,Benzina,Agip Eni,3835,2.0279374185136896,0.029207480857469326
2026-09-01,Benzina,Api-Ip,3483,2.0307103072064314,0.03597637355721579
2026-09-01,Benzina,Esso,1975,2.0211777215189874,0.03647975260920754
2026-09-01,Benzina,Pompe Bianche,6490,2.011748382126348,0.03815967641767288
2026-09-01,Benzina,Q8,2644,2.0176342662632374,0.0339650358573823
2026-09-01,Benzina,Shell,153,2.0091633986928104,0.017107038223899043
2026-09-01,Benzina,Tamoil,1447,2.0069689011748446,0.032797859464370374
2026-09-01,Gasolio,Agip Eni,3841,2.1413353293413175,0.032117282210933844
2026-09-01,Gasolio,Api-Ip,3481,2.145559322033898,0.039093940795173636
2026-09-01,Gasolio,Esso,1982,2.136988900100908,0.04087403085932021
2026-09-01,Gasolio,Pompe Bianche,6524,2.124450643776824,0.04465368658672016
2026-09-01,Gasolio,Q8,2658,2.1307795334838224,0.039173531916246375
2026-09-01,Gasolio,Shell,152,2.1283223684210526,0.025734405545699137
2026-09-01,Gasolio,Tamoil,1419,2.1200669485553205,0.036569645283991016
2026-09-02,Benzina,Agip Eni,3845,2.0307698309492848,0.0301599245006866
2026-09-02,Benzina,Api-Ip,3480,2.040997988505747,0.03709976987739016
2026-09-02,Benzina,Esso,1974,2.0322826747720364,0.03683380206956327
2026-09-02,Benzina,Pompe Bianche,6499,2.0219786120941685,0.039926120652452254
2026-09-02,Benzina,Q8,2646,2.034916477702192,0.032008036216659104
2026-09-02,Benzina,Shell,153,2.0252549019607846,0.017830167152360302
2026-09-02,Benzina,Tamoil,1446,2.027124481327801,0.03143442224663782
2026-09-02,Gasolio,Agip Eni,3851,2.1428262788886,0.0325322249053549
2026-09-02,Gasolio,Api-Ip,3482,2.1457303273980473,0.039679156280076656
2026-09-02,Gasolio,Esso,1983,2.136232980332829,0.03959561205473454
2026-09-02,Gasolio,Pompe Bianche,6527,2.1237032327256014,0.044426512478479806
2026-09-02,Gasolio,Q8,2660,2.137895112781955,0.03818972321426867
2026-09-02,Gasolio,Shell,152,2.1335263157894735,0.025342148063175477
2026-09-02,Gasolio,Tamoil,1420,2.12621338028169,0.035203309090873755
2026-09-03,Benzina,Agip Eni,3847,2.0482180920197557,0.03032488333611149
2026-09-03,Benzina,Api-Ip,3481,2.053400746911807,0.038184225086008515
2026-09-03,Benzina,Esso,1977,2.0423176530096105,0.038517613313645595
2026-09-03,Benzina,Pompe Bianche,6494,2.0309950723744996,0.041071142242908525
2026-09-03,Benzina,Q8,2646,2.045473167044596,0.03201119602615049
2026-09-03,Benzina,Shell,153,2.0368954248366014,0.023801305636094835
2026-09-03,Benzina,Tamoil,1446,2.036466113416321,0.0320285538647858
2026-09-03,Gasolio,Agip Eni,3853,2.1608967038671163,0.03330226312141675
2026-09-03,Gasolio,Api-Ip,3483,2.166292276772897,0.04224561148012262
2026-09-03,Gasolio,Esso,1983,2.151952092788704,0.043585774075069195
2026-09-03,Gasolio,Pompe Bianche,6529,2.1337374789401133,0.04699504569297649
2026-09-03,Gasolio,Q8,2659,2.151578036855961,0.037612587732885484
2026-09-03,Gasolio,Shell,152,2.1676052631578946,0.030552778760638243
2026-09-03,Gasolio,Tamoil,1420,2.1510014084507043,0.03559863563656187
2026-09-04,Benzina,Agip Eni,3847,2.0482180920197557,0.03032488333611149
2026-09-04,Benzina,Api-Ip,3481,2.053400746911807,0.038184225086008515
2026-09-04,Benzina,Esso,1977,2.0423176530096105,0.038517613313645595
2026-09-04,Benzina,Pompe Bianche,6494,2.0309950723744996,0.041071142242908525
2026-09-04,Benzina,Q8,2646,2.045473167044596,0.03201119602615049
2026-09-04,Benzina,Shell,153,2.0368954248366014,0.023801305636094835
2026-09-04,Benzina,Tamoil,1446,2.036466113416321,0.0320285538647858
2026-09-04,Gasolio,Agip Eni,3853,2.1608967038671163,0.03330226312141675
2026-09-04,Gasolio,Api-Ip,3483,2.166292276772897,0.04224561148012262
2026-09-04,Gasolio,Esso,1983,2.151952092788704,0.043585774075069195
2026-09-04,Gasolio,Pompe Bianche,6529,2.1337374789401133,0.04699504569297649
2026-09-04,Gasolio,Q8,2659,2.151578036855961,0.037612587732885484
2026-09-04,Gasolio,Shell,152,2.1676052631578946,0.030552778760638243
2026-09-04,Gasolio,Tamoil,1420,2.1510014084507043,0.03559863563656187
2026-09-05,Benzina,Agip Eni,3847,2.0482180920197557,0.03032488333611149
2026-09-05,Benzina,Api-Ip,3481,2.053400746911807,0.038184225086008515
2026-09-05,Benzina,Esso,1977,2.0423176530096105,0.038517613313645595
2026-09-05,Benzina,Pompe Bianche,6494,2.0309950723744996,0.041071142242908525
2026-09-05,Benzina,Q8,2646,2.045473167044596,0.03201119602615049
2026-09-05,Benzina,Shell,153,2.0368954248366014,0.023801305636094835
2026-09-05,Benzina,Tamoil,1446,2.036466113416321,0.0320285538647858
2026-09-05,Gasolio,Agip Eni,3853,2.1608967038671163,0.03330226312141675
2026-09-05,Gasolio,Api-Ip,3483,2.166292276772897,0.04224561148012262
2026-09-05,Gasolio,Esso,1983,2.151952092788704,0.043585774075069195
2026-09-05,Gasolio,Pompe Bianche,6529,2.1337374789401133,0.04699504569297649
2026-09-05,Gasolio,Q8,2659,2.151578036855961,0.037612587732885484
2026-09-05,Gasolio,Shell,152,2.1676052631578946,0.030552778760638243
2026-09-05,Gasolio,Tamoil,1420,2.1510014084507043,0.03559863563656187
2026-09-06,Benzina,Agip Eni,3847,2.0482180920197557,0.03032488333611149
2026-09-06,Benzina,Api-Ip,3481,2.053400746911807,0.038184225086008515
2026-09-06,Benzina,Esso,1977,2.0423176530096105,0.038517613313645595
2026-09-06,Benzina,Pompe Bianche,6494,2.0309950723744996,0.041071142242908525
2026-09-06,Benzina,Q8,2646,2.045473167044596,0.03201119602615049
2026-09-06,Benzina,Shell,153,2.0368954248366014,0.023801305636094835
2026-09-06,Benzina,Tamoil,1446,2.036466113416321,0.0320285538647858
2026-09-06,Gasolio,Agip Eni,3853,2.1608967038671163,0.03330226312141675
2026-09-06,Gasolio,Api-Ip,3483,2.166292276772897,0.04224561148012262
2026-09-06,Gasolio,Esso,1983,2.151952092788704,0.043585774075069195
2026-09-06,Gasolio,Pompe Bianche,6529,2.1337374789401133,0.04699504569297649
2026-09-06,Gasolio,Q8,2659,2.151578036855961,0.037612587732885484
2026-09-06,Gasolio,Shell,152,2.1676052631578946,0.030552778760638243
2026-09-06,Gasolio,Tamoil,1420,2.1510014084507043,0.03559863563656187
2026-09-07,Benzina,Agip Eni,3806,2.059311875985286,0.02993047925155003
2026-09-07,Benzina,Api-Ip,3481,2.0615073254811835,0.03809955977360622
2026-09-07,Benzina,Esso,1970,2.062219796954315,0.03600846232518406
2026-09-07,Benzina,Pompe Bianche,6490,2.0509882896764253,0.039882252935951594
2026-09-07,Benzina,Q8,2646,2.0622615268329554,0.03332449738647355
2026-09-07,Benzina,Shell,153,2.0512156862745097,0.02206328850580514
2026-09-07,Benzina,Tamoil,1448,2.049872237569061,0.03311168681443898
2026-09-07,Gasolio,Agip Eni,3814,2.1725970110120607,0.03286762108192471
2026-09-07,Gasolio,Api-Ip,3484,2.17629420206659,0.04076626597845962
2026-09-07,Gasolio,Esso,1978,2.1780025278058646,0.03997555517201204
2026-09-07,Gasolio,Pompe Bianche,6535,2.1605037490436114,0.044983668189210714
2026-09-07,Gasolio,Q8,2663,2.175063837776943,0.03933398931068556
2026-09-07,Gasolio,Shell,152,2.175894736842105,0.021733533126989387
2026-09-07,Gasolio,Tamoil,1422,2.1583023909985934,0.03541170315768807
2026-09-08,Benzina,Agip Eni,3822,2.0607658294086866,0.030012478506242234
2026-09-08,Benzina,Api-Ip,3480,2.067594252873563,0.03700816424867688
2026-09-08,Benzina,Esso,1970,2.065202538071066,0.03586547425349217
2026-09-08,Benzina,Pompe Bianche,6491,2.054572484979202,0.039561897136722424
2026-09-08,Benzina,Q8,2646,2.0689943310657597,0.03356696838734203
2026-09-08,Benzina,Shell,153,2.056385620915033,0.021382519970824743
2026-09-08,Benzina,Tamoil,1445,2.0521342560553637,0.033698947786877737
2026-09-08,Gasolio,Agip Eni,3829,2.173960041786367,0.032889856427135516
2026-09-08,Gasolio,Api-Ip,3480,2.1844471264367815,0.03893422151330972
2026-09-08,Gasolio,Esso,1978,2.1803983822042463,0.03909893081539302
2026-09-08,Gasolio,Pompe Bianche,6537,2.1637333639284075,0.04404737673673543
2026-09-08,Gasolio,Q8,2662,2.179094290007513,0.03829572685928997
2026-09-08,Gasolio,Shell,152,2.1788223684210526,0.02031379721438953
2026-09-08,Gasolio,Tamoil,1419,2.15976532769556,0.03504913792374778
2026-09-09,Benzina,Agip Eni,3808,2.0708849789915966,0.030197274594031886
2026-09-09,Benzina,Api-Ip,3481,2.0786911806952024,0.036610418007450844
2026-09-09,Benzina,Esso,1966,2.0742288911495423,0.035689750198094616
2026-09-09,Benzina,Pompe Bianche,6495,2.06093441108545,0.04001328324855713
2026-09-09,Benzina,Q8,2647,2.077523233849641,0.03172526098950072
2026-09-09,Benzina,Shell,153,2.0737712418300656,0.019761571138005394
2026-09-09,Benzina,Tamoil,1447,2.0756703524533515,0.033393228603151796
2026-09-09,Gasolio,Agip Eni,3814,2.1837991609858416,0.0323897883447123
2026-09-09,Gasolio,Api-Ip,3481,2.191707842573973,0.038968569252999234
2026-09-09,Gasolio,Esso,1974,2.187805977710233,0.03805933885302744
2026-09-09,Gasolio,Pompe Bianche,6539,2.168831778559413,0.04333341071279256
2026-09-09,Gasolio,Q8,2663,2.186410814870447,0.03586019564998893
2026-09-09,Gasolio,Shell,152,2.1904671052631577,0.016076768547479997
2026-09-09,Gasolio,Tamoil,1421,2.1757748064743136,0.033930271685771646
2026-09-10,Benzina,Agip Eni,3800,2.082373947368421,0.03074210509611955
2026-09-10,Benzina,Api-Ip,3477,2.08927207362669,0.03769206517863826
2026-09-10,Benzina,Esso,1967,2.0824128113879,0.03578603475371672
2026-09-10,Benzina,Pompe Bianche,6503,2.0713236967553437,0.040313790759069094
2026-09-10,Benzina,Q8,2649,2.0883473008682523,0.031351075110344725
2026-09-10,Benzina,Shell,154,2.078668831168831,0.01890224428864945
2026-09-10,Benzina,Tamoil,1448,2.078671270718232,0.03381722003679788
2026-09-10,Gasolio,Agip Eni,3808,2.194864233193277,0.03276883240744499
2026-09-10,Gasolio,Api-Ip,3480,2.199218103448276,0.03966633419238271
2026-09-10,Gasolio,Esso,1975,2.1936283544303796,0.038327477717723366
2026-09-10,Gasolio,Pompe Bianche,6544,2.175869651589242,0.04239102022686341
2026-09-10,Gasolio,Q8,2666,2.196700675168792,0.03547445842143985
2026-09-10,Gasolio,Shell,153,2.193398692810457,0.01690816521422695
2026-09-10,Gasolio,Tamoil,1422,2.178340365682138,0.03469419296281705
2026-09-11,Benzina,Agip Eni,3796,2.0933727608008432,0.031019266160142757
2026-09-11,Benzina,Api-Ip,3483,2.1020086132644273,0.041028995160537755
2026-09-11,Benzina,Esso,1968,2.089219512195122,0.03700571666586266
2026-09-11,Benzina,Pompe Bianche,6508,2.07985049170252,0.040499880050037254
2026-09-11,Benzina,Q8,2650,2.098352075471698,0.03265799366525274
2026-09-11,Benzina,Shell,154,2.084194805194805,0.01830142603896859
2026-09-11,Benzina,Tamoil,1449,2.082329192546584,0.0343660420287308
2026-09-11,Gasolio,Agip Eni,3804,2.205781282860147,0.03303978122899966
2026-09-11,Gasolio,Api-Ip,3483,2.209455928797014,0.041716253803990314
2026-09-11,Gasolio,Esso,1976,2.199380060728745,0.039126898866156216
2026-09-11,Gasolio,Pompe Bianche,6540,2.1824311926605504,0.041716647054731916
2026-09-11,Gasolio,Q8,2666,2.2048507126781693,0.03567450613336706
2026-09-11,Gasolio,Shell,153,2.1993986928104574,0.019872402137161602
2026-09-11,Gasolio,Tamoil,1424,2.1869761235955054,0.0344936180985809
2026-09-12,Benzina,Agip Eni,3800,2.103523947368421,0.031893692778669325
2026-09-12,Benzina,Api-Ip,3486,2.113117039586919,0.04296258506314571
2026-09-12,Benzina,Esso,1967,2.1054870360955773,0.038322010782144235
2026-09-12,Benzina,Pompe Bianche,6510,2.0934900153609832,0.04201478068642266
2026-09-12,Benzina,Q8,2647,2.1148061956932374,0.03349781176724415
2026-09-12,Benzina,Shell,154,2.102636363636364,0.021717983928213027
2026-09-12,Benzina,Tamoil,1449,2.1064175293305727,0.03576861639803383
2026-09-12,Gasolio,Agip Eni,3808,2.216687237394958,0.034869046546697195
2026-09-12,Gasolio,Api-Ip,3483,2.2196827447602643,0.043329794807085625
2026-09-12,Gasolio,Esso,1973,2.2168803852002026,0.04334137202324854
2026-09-12,Gasolio,Pompe Bianche,6542,2.1978025068786304,0.04598207084452675
2026-09-12,Gasolio,Q8,2666,2.226193173293323,0.03822058773405951
2026-09-12,Gasolio,Shell,153,2.222339869281046,0.0196522944283509
2026-09-12,Gasolio,Tamoil,1424,2.211304775280899,0.036047635068703864
2026-09-13,Benzina,Agip Eni,3843,2.1085081967213117,0.03188792553377004
2026-09-13,Benzina,Api-Ip,3482,2.1157983917288914,0.042779152240499975
2026-09-13,Benzina,Esso,1969,2.111791772473337,0.03807493298358273
2026-09-13,Benzina,Pompe Bianche,6512,2.0987297297297296,0.04226565814515696
2026-09-13,Benzina,Q8,2648,2.1224456193353474,0.03517592554949769
2026-09-13,Benzina,Shell,154,2.1042597402597405,0.022410549918387163
2026-09-13,Benzina,Tamoil,1447,2.107655839668279,0.03535186309338527
2026-09-13,Gasolio,Agip Eni,3852,2.221840342679128,0.03533487390127811
2026-09-13,Gasolio,Api-Ip,3482,2.222639574956921,0.044250315201733004
2026-09-13,Gasolio,Esso,1977,2.2249671219018716,0.04454231295274177
2026-09-13,Gasolio,Pompe Bianche,6544,2.2045400366748167,0.04680043954641706
2026-09-13,Gasolio,Q8,2668,2.236235007496252,0.039881017501034566
2026-09-13,Gasolio,Shell,153,2.224071895424837,0.019508805223594713
2026-09-13,Gasolio,Tamoil,1422,2.2124697609001407,0.0364553094157968
2026-09-14,Benzina,Agip Eni,3838,2.109274882751433,0.031908313556021695
2026-09-14,Benzina,Api-Ip,3481,2.1172395863257685,0.042805092164731245
2026-09-14,Benzina,Esso,1968,2.1149908536585365,0.03909556965348695
2026-09-14,Benzina,Pompe Bianche,6508,2.1011341425937307,0.04262246279058333
2026-09-14,Benzina,Q8,2649,2.1236900717251794,0.035237179477865054
2026-09-14,Benzina,Shell,154,2.1051688311688315,0.022028147529745298
2026-09-14,Benzina,Tamoil,1446,2.1080587828492394,0.03532588769575775
2026-09-14,Gasolio,Agip Eni,3846,2.2226796671866875,0.03538338177881078
2026-09-14,Gasolio,Api-Ip,3480,2.2240497126436782,0.04438312904935545
2026-09-14,Gasolio,Esso,1974,2.2290997973657545,0.045233736271392884
2026-09-14,Gasolio,Pompe Bianche,6539,2.2075717999694144,0.047274387385224895
2026-09-14,Gasolio,Q8,2668,2.238110944527736,0.03966382524137472
2026-09-14,Gasolio,Shell,153,2.2251830065359477,0.01817981743455927
2026-09-14,Gasolio,Tamoil,1422,2.2129880450070325,0.03640275137080454
2026-09-15,Benzina,Agip Eni,3806,2.117594062007357,0.034633989464527816
2026-09-15,Benzina,Api-Ip,3482,2.1298693279724294,0.04381693769300538
2026-09-15,Benzina,Esso,1968,2.1333831300813006,0.041734490861426304
2026-09-15,Benzina,Pompe Bianche,6510,2.117100153609831,0.04379589719868077
2026-09-15,Benzina,Q8,2650,2.1331837735849057,0.035554686223394
2026-09-15,Benzina,Shell,154,2.1274415584415585,0.029530971226962046
2026-09-15,Benzina,Tamoil,1447,2.127803731859019,0.03688935514096773
2026-09-15,Gasolio,Agip Eni,3813,2.2310118017309204,0.037062574596334295
2026-09-15,Gasolio,Api-Ip,3481,2.2377667336972134,0.045170222707796
2026-09-15,Gasolio,Esso,1976,2.25039524291498,0.04691429468416969
2026-09-15,Gasolio,Pompe Bianche,6539,2.2268420247744305,0.04809929347688233
2026-09-15,Gasolio,Q8,2667,2.2486164229471313,0.03873240277867301
2026-09-15,Gasolio,Shell,153,2.2462614379084966,0.0209091931562443
2026-09-15,Gasolio,Tamoil,1423,2.2334729444834855,0.038073903894657535
2026-09-16,Benzina,Agip Eni,3803,2.1337288982382328,0.033347151022951785
2026-09-16,Benzina,Api-Ip,3479,2.1399726933026733,0.04481463452987141
2026-09-16,Benzina,Esso,1965,2.144961832061069,0.039908360770281565
2026-09-16,Benzina,Pompe Bianche,6511,2.1294857932729228,0.04361288376962893
2026-09-16,Benzina,Q8,2651,2.1468144096567334,0.03756680936502785
2026-09-16,Benzina,Shell,154,2.1395844155844155,0.028283046793631233
2026-09-16,Benzina,Tamoil,1448,2.1377872928176798,0.0363319990875424
2026-09-16,Gasolio,Agip Eni,3812,2.2471846799580275,0.037014907552006426
2026-09-16,Gasolio,Api-Ip,3479,2.2508631790744467,0.04688576059580709
2026-09-16,Gasolio,Esso,1975,2.2655554430379747,0.04493859188967808
2026-09-16,Gasolio,Pompe Bianche,6544,2.2426398227383864,0.04806304138471425
2026-09-16,Gasolio,Q8,2668,2.262415292353823,0.03805349113423811
2026-09-16,Gasolio,Shell,153,2.261490196078431,0.02399729086876785
2026-09-16,Gasolio,Tamoil,1424,2.245236657303371,0.038147854222631346
2026-09-17,Benzina,Agip Eni,3803,2.1337288982382328,0.033347151022951785
2026-09-17,Benzina,Api-Ip,3479,2.1399726933026733,0.04481463452987141
2026-09-17,Benzina,Esso,1965,2.144961832061069,0.039908360770281565
2026-09-17,Benzina,Pompe Bianche,6511,2.1294857932729228,0.04361288376962893
2026-09-17,Benzina,Q8,2651,2.1468144096567334,0.03756680936502785
2026-09-17,Benzina,Shell,154,2.1395844155844155,0.028283046793631233
2026-09-17,Benzina,Tamoil,1448,2.1377872928176798,0.0363319990875424
2026-09-17,Gasolio,Agip Eni,3812,2.2471846799580275,0.037014907552006426
2026-09-17,Gasolio,Api-Ip,3479,2.2508631790744467,0.04688576059580709
2026-09-17,Gasolio,Esso,1975,2.2655554430379747,0.04493859188967808
2026-09-17,Gasolio,Pompe Bianche,6544,2.2426398227383864,0.04806304138471425
2026-09-17,Gasolio,Q8,2668,2.262415292353823,0.03805349113423811
2026-09-17,Gasolio,Shell,153,2.261490196078431,0.02399729086876785
2026-09-17,Gasolio,Tamoil,1424,2.245236657303371,0.038147854222631346
2026-09-18,Benzina,Agip Eni,3840,2.1417333333333333,0.0338953729851567
2026-09-18,Benzina,Api-Ip,3475,2.1697775539568345,0.045773059910706654
2026-09-18,Benzina,Esso,1965,2.162409669211196,0.037918199126440365
2026-09-18,Benzina,Pompe Bianche,6500,2.147459692307692,0.043758711245602724
2026-09-18,Benzina,Q8,2652,2.1635128205128202,0.03955501525757033
2026-09-18,Benzina,Shell,154,2.1560844155844157,0.026280525680594437
2026-09-18,Benzina,Tamoil,1450,2.1448613793103446,0.03730131295821555
2026-09-18,Gasolio,Agip Eni,3801,2.2942175743225466,0.05255359436361651
2026-09-18,Gasolio,Api-Ip,3477,2.2942180040264595,0.05332701606493732
2026-09-18,Gasolio,Esso,1977,2.3203571067273647,0.058280957276784895
2026-09-18,Gasolio,Pompe Bianche,6540,2.2924542813455657,0.06068789705346798
2026-09-18,Gasolio,Q8,2668,2.3119741379310343,0.04725386851685007
2026-09-18,Gasolio,Shell,153,2.3224705882352943,0.035189161538509095
2026-09-18,Gasolio,Tamoil,1426,2.295375175315568,0.041641900972889244
2026-09-19,Benzina,Agip Eni,3843,2.142137392661983,0.03369552192783465
2026-09-19,Benzina,Api-Ip,3475,2.1785798561151077,0.045377932540358455
2026-09-19,Benzina,Esso,1967,2.165597356380274,0.03685993329800072
2026-09-19,Benzina,Pompe Bianche,6511,2.1521598832744586,0.04371968479920455
2026-09-19,Benzina,Q8,2653,2.1666121372031664,0.040057706720626245
2026-09-19,Benzina,Shell,154,2.156603896103896,0.02583214262434101
2026-09-19,Benzina,Tamoil,1450,2.1470193103448274,0.03729841108550519
2026-09-19,Gasolio,Agip Eni,3847,2.3320979984403434,0.03953728091379252
2026-09-19,Gasolio,Api-Ip,3481,2.3456004021832806,0.05481522032381656
2026-09-19,Gasolio,Esso,1974,2.3457654508611956,0.050555767804088006
2026-09-19,Gasolio,Pompe Bianche,6542,2.321701926016509,0.057036671466912374
2026-09-19,Gasolio,Q8,2668,2.351505247376312,0.048809213321238415
2026-09-19,Gasolio,Shell,153,2.334228758169935,0.028969016282379505
2026-09-19,Gasolio,Tamoil,1424,2.3365835674157305,0.039469871227299454
2026-09-20,Benzina,Agip Eni,3844,2.1423257023933404,0.03369525695163318
2026-09-20,Benzina,Api-Ip,3477,2.179775956284153,0.04566054791362614
2026-09-20,Benzina,Esso,1967,2.166436197254703,0.036524255397301496
2026-09-20,Benzina,Pompe Bianche,6512,2.1531985565110565,0.04357458694015642
2026-09-20,Benzina,Q8,2651,2.1673100716710674,0.039969257625416824
2026-09-20,Benzina,Shell,154,2.1565909090909092,0.025861777796627555
2026-09-20,Benzina,Tamoil,1450,2.1474606896551722,0.03773243364624675
2026-09-20,Gasolio,Agip Eni,3847,2.333049129191578,0.03969600983372744
2026-09-20,Gasolio,Api-Ip,3481,2.3504415397874174,0.053951064335337494
2026-09-20,Gasolio,Esso,1974,2.349658561296859,0.047629482442352294
2026-09-20,Gasolio,Pompe Bianche,6543,2.3281299098272963,0.05545335454426503
2026-09-20,Gasolio,Q8,2668,2.354314842578711,0.04754058330737059
2026-09-20,Gasolio,Shell,153,2.335196078431373,0.028866311366167813
2026-09-20,Gasolio,Tamoil,1424,2.3385098314606743,0.03934536221730518
2026-09-21,Benzina,Agip Eni,3844,2.1423257023933404,0.03369525695163318
2026-09-21,Benzina,Api-Ip,3477,2.179775956284153,0.04566054791362614
2026-09-21,Benzina,Esso,1965,2.166423409669211,0.03653507175306549
2026-09-21,Benzina,Pompe Bianche,6514,2.1532064783543134,0.04357165086250807
2026-09-21,Benzina,Q8,2651,2.1673100716710674,0.039969257625416824
2026-09-21,Benzina,Shell,154,2.1565909090909092,0.025861777796627555
2026-09-21,Benzina,Tamoil,1450,2.1474606896551722,0.03773243364624675
2026-09-21,Gasolio,Agip Eni,3847,2.333049129191578,0.03969600983372744
2026-09-21,Gasolio,Api-Ip,3481,2.3504415397874174,0.053951064335337494
2026-09-21,Gasolio,Esso,1972,2.3496399594320487,0.047646212102860096
2026-09-21,Gasolio,Pompe Bianche,6545,2.328142093200917,0.05545025449271972
2026-09-21,Gasolio,Q8,2668,2.354314842578711,0.04754058330737059
2026-09-21,Gasolio,Shell,153,2.335196078431373,0.028866311366167813
2026-09-21,Gasolio,Tamoil,1424,2.3385098314606743,0.03934536221730518
2026-09-22,Benzina,Agip Eni,3805,2.146086465177398,0.033560100963753545
2026-09-22,Benzina,Api-Ip,3476,2.1782920023014958,0.04215359587711267
2026-09-22,Benzina,Esso,1965,2.1675058524173023,0.03619805205891694
2026-09-22,Benzina,Pompe Bianche,6505,2.1552179861644887,0.04204251804345952
2026-09-22,Benzina,Q8,2650,2.166333962264151,0.03856183693005635
2026-09-22,Benzina,Shell,154,2.156525974025974,0.02535788233976746
2026-09-22,Benzina,Tamoil,1450,2.149366206896552,0.03801142670936812
2026-09-22,Gasolio,Agip Eni,3802,2.338176486059968,0.037031470428796696
2026-09-22,Gasolio,Api-Ip,3480,2.355315517241379,0.048454058576025666
2026-09-22,Gasolio,Esso,1972,2.35636967545639,0.044654292491835154
2026-09-22,Gasolio,Pompe Bianche,6532,2.3384018677281078,0.050999527285786675
2026-09-22,Gasolio,Q8,2666,2.3576777944486125,0.04615807827082142
2026-09-22,Gasolio,Shell,153,2.340751633986928,0.02448154005028228
2026-09-22,Gasolio,Tamoil,1423,2.34198945888967,0.038213929260285204
2026-09-23,Benzina,Agip Eni,3845,2.150948504551365,0.03276365005310909
2026-09-23,Benzina,Api-Ip,3477,2.173443485763589,0.04124633451284905
2026-09-23,Benzina,Esso,1962,2.166341488277268,0.03669409357431093
2026-09-23,Benzina,Pompe Bianche,6503,2.1554725511302477,0.04178173215854096
2026-09-23,Benzina,Q8,2648,2.1616125377643503,0.03754652806125446
2026-09-23,Benzina,Shell,154,2.155090909090909,0.026120976379363947
2026-09-23,Benzina,Tamoil,1448,2.1505055248618783,0.03816061024166097
2026-09-23,Gasolio,Agip Eni,3842,2.3429383133784487,0.035303579395192394
2026-09-23,Gasolio,Api-Ip,3480,2.350046551724138,0.0471443645226381
2026-09-23,Gasolio,Esso,1971,2.3558701166920346,0.04359883311129555
2026-09-23,Gasolio,Pompe Bianche,6530,2.3390169984686064,0.04906311262286099
2026-09-23,Gasolio,Q8,2664,2.3508836336336336,0.04382378570109505
2026-09-23,Gasolio,Shell,153,2.3402875816993465,0.02525102217905307
2026-09-23,Gasolio,Tamoil,1420,2.338475352112676,0.03763078801608791
2026-09-24,Benzina,Agip Eni,3826,2.1510577626764245,0.03240493884107367
2026-09-24,Benzina,Api-Ip,3475,2.1710759712230217,0.04118101755831083
2026-09-24,Benzina,Esso,1963,2.1643678043810493,0.037060660836933226
2026-09-24,Benzina,Pompe Bianche,6504,2.1549912361623615,0.041790667196740836
2026-09-24,Benzina,Q8,2649,2.1609546998867497,0.03712670476817798
2026-09-24,Benzina,Shell,154,2.153077922077922,0.026302049540541484
2026-09-24,Benzina,Tamoil,1448,2.151497237569061,0.03775276928610762
2026-09-24,Gasolio,Agip Eni,3822,2.3430709052851912,0.03495168753914463
2026-09-24,Gasolio,Api-Ip,3475,2.349701294964029,0.04556373036217705
2026-09-24,Gasolio,Esso,1972,2.35259584178499,0.04373627717464342
2026-09-24,Gasolio,Pompe Bianche,6530,2.3378407350689128,0.0485319201754732
2026-09-24,Gasolio,Q8,2664,2.3495424174174175,0.04313270271930875
2026-09-24,Gasolio,Shell,153,2.3400915032679737,0.02511666449243054
2026-09-24,Gasolio,Tamoil,1419,2.336734319943622,0.03760980012332505
2026-09-25,Benzina,Agip Eni,3845,2.151026788036411,0.03195957970418137
2026-09-25,Benzina,Api-Ip,3473,2.1697140800460697,0.0415356541412797
2026-09-25,Benzina,Esso,1958,2.1635158324821244,0.037316603213824365
2026-09-25,Benzina,Pompe Bianche,6506,2.155037042729788,0.04183317050073185
2026-09-25,Benzina,Q8,2649,2.1611528878822197,0.03657096462121469
2026-09-25,Benzina,Shell,154,2.151188311688312,0.026217982523231816
2026-09-25,Benzina,Tamoil,1445,2.1528041522491352,0.03793265258759749
2026-09-25,Gasolio,Agip Eni,3843,2.3430538641686183,0.03467059178843337
2026-09-25,Gasolio,Api-Ip,3475,2.349264460431655,0.04534311702583627
2026-09-25,Gasolio,Esso,1965,2.3512702290076337,0.04329651653883527
2026-09-25,Gasolio,Pompe Bianche,6534,2.337218089990817,0.047917358033841895
2026-09-25,Gasolio,Q8,2664,2.3488277027027027,0.042066199262212244
2026-09-25,Gasolio,Shell,153,2.3394379084967323,0.02613749828597732
2026-09-25,Gasolio,Tamoil,1418,2.336624118476728,0.03824803586866837
2026-09-26,Benzina,Agip Eni,3842,2.151894065590838,0.03174537415413825
2026-09-26,Benzina,Api-Ip,3475,2.1726060431654677,0.04130143788973715
2026-09-26,Benzina,Esso,1958,2.167315628192033,0.036842848336827085
2026-09-26,Benzina,Pompe Bianche,6503,2.159399969244964,0.04240987454876956
2026-09-26,Benzina,Q8,2649,2.167940732351831,0.034024835956256494
2026-09-26,Benzina,Shell,153,2.1578039215686275,0.024648598450474946
2026-09-26,Benzina,Tamoil,1441,2.1549930603747396,0.03794301218973539
2026-09-26,Gasolio,Agip Eni,3822,2.3697556253270537,0.044608957717310736
2026-09-26,Gasolio,Api-Ip,3478,2.3537584818861417,0.04819298136271596
2026-09-26,Gasolio,Esso,1966,2.3721103763987794,0.04675583836846076
2026-09-26,Gasolio,Pompe Bianche,6537,2.3519086737035337,0.05393536250900843
2026-09-26,Gasolio,Q8,2664,2.371062687687688,0.041732633113669294
2026-09-26,Gasolio,Shell,152,2.378453947368421,0.032859895002067215
2026-09-26,Gasolio,Tamoil,1414,2.379021216407355,0.04368483409620084
2026-09-27,Benzina,Agip Eni,3842,2.151894065590838,0.03174537415413825
2026-09-27,Benzina,Api-Ip,3475,2.1726060431654677,0.04130143788973715
2026-09-27,Benzina,Esso,1958,2.167315628192033,0.036842848336827085
2026-09-27,Benzina,Pompe Bianche,6503,2.159399969244964,0.04240987454876956
2026-09-27,Benzina,Q8,2649,2.167940732351831,0.034024835956256494
2026-09-27,Benzina,Shell,153,2.1578039215686275,0.024648598450474946
2026-09-27,Benzina,Tamoil,1441,2.1549930603747396,0.03794301218973539
2026-09-27,Gasolio,Agip Eni,3822,2.3697556253270537,0.044608957717310736
2026-09-27,Gasolio,Api-Ip,3478,2.3537584818861417,0.04819298136271596
2026-09-27,Gasolio,Esso,1966,2.3721103763987794,0.04675583836846076
2026-09-27,Gasolio,Pompe Bianche,6537,2.3519086737035337,0.05393536250900843
2026-09-27,Gasolio,Q8,2664,2.371062687687688,0.041732633113669294
2026-09-27,Gasolio,Shell,152,2.378453947368421,0.032859895002067215
2026-09-27,Gasolio,Tamoil,1414,2.379021216407355,0.04368483409620084
2026-09-28,Benzina,Agip Eni,3835,2.110916818774446,0.07380985536060852
2026-09-28,Benzina,Api-Ip,3484,2.1738843283582088,0.043209324926982214
2026-09-28,Benzina,Esso,1968,2.1688114837398373,0.040656815478762647
2026-09-28,Benzina,Pompe Bianche,6522,2.1602628028212205,0.046627879106249465
2026-09-28,Benzina,Q8,2649,2.1742997357493397,0.035089839433960844
2026-09-28,Benzina,Shell,154,2.1590454545454545,0.02431636284643779
2026-09-28,Benzina,Tamoil,1450,2.155508275862069,0.03906080270903858
2026-09-28,Gasolio,Agip Eni,3834,2.3462151799687008,0.09602040650323855
2026-09-28,Gasolio,Api-Ip,3483,2.3922253804191786,0.05016186916229241
2026-09-28,Gasolio,Esso,1972,2.3922474645030425,0.047332707551132086
2026-09-28,Gasolio,Pompe Bianche,6553,2.362043186326873,0.05898587502204964
2026-09-28,Gasolio,Q8,2665,2.394827392120075,0.04316489526599168
2026-09-28,Gasolio,Shell,153,2.3875424836601304,0.02580620767019384
2026-09-28,Gasolio,Tamoil,1425,2.387938245614035,0.04387074482081938
2026-09-29,Benzina,Agip Eni,3857,2.000928960331864,0.044076792354434804
2026-09-29,Benzina,Api-Ip,3491,2.151567745631624,0.07665904254965528
2026-09-29,Benzina,Esso,1969,2.1665957338750634,0.04360288391673133
2026-09-29,Benzina,Pompe Bianche,6546,2.155809501985946,0.05650500961312363
2026-09-29,Benzina,Q8,2662,2.171107438016529,0.043241346905449195
2026-09-29,Benzina,Shell,154,2.158525974025974,0.02507927250092774
2026-09-29,Benzina,Tamoil,1450,2.1560013793103447,0.04013849382883008
2026-09-29,Gasolio,Agip Eni,3858,2.2023763608087092,0.05339507804446106
2026-09-29,Gasolio,Api-Ip,3489,2.368420177701347,0.08703940374194252
2026-09-29,Gasolio,Esso,1977,2.3871911987860392,0.05333873936297533
2026-09-29,Gasolio,Pompe Bianche,6574,2.3554353513842408,0.06761990496812838
2026-09-29,Gasolio,Q8,2669,2.39273585612589,0.045985016375964596
2026-09-29,Gasolio,Shell,153,2.3879346405228756,0.025388733826198582
2026-09-29,Gasolio,Tamoil,1425,2.3858035087719296,0.044197867964684646
