date,fuel,group,tipo_impianto,n_obs,n_below,pct_below
2026-09-28,Benzina,Large,Autostradale,102,2,1.9607843137254901
2026-09-28,Benzina,Large,Stradale,3470,18,0.5187319884726225
2026-09-28,Benzina,Large,Tutte,3572,20,0.5599104143337066
2026-09-28,Benzina,Majors,Autostradale,281,70,24.91103202846975
2026-09-28,Benzina,Majors,Stradale,9687,906,9.352740786621245
2026-09-28,Benzina,Majors,Tutte,9968,976,9.791332263242374
2026-09-28,Benzina,Pompe Bianche,Autostradale,56,0,0.0
2026-09-28,Benzina,Pompe Bianche,Stradale,6466,99,1.5310856789359728
2026-09-28,Benzina,Pompe Bianche,Tutte,6522,99,1.517939282428703
2026-09-28,Benzina,Tutte,Autostradale,439,72,16.40091116173121
2026-09-28,Benzina,Tutte,Stradale,19623,1023,5.213270142180095
2026-09-28,Benzina,Tutte,Tutte,20062,1095,5.45807995214834
2026-09-28,Gasolio,Large,Autostradale,119,2,1.680672268907563
2026-09-28,Gasolio,Large,Stradale,3431,26,0.757796560769455
2026-09-28,Gasolio,Large,Tutte,3550,28,0.7887323943661971
2026-09-28,Gasolio,Majors,Autostradale,302,75,24.834437086092713
2026-09-28,Gasolio,Majors,Stradale,9680,933,9.638429752066116
2026-09-28,Gasolio,Majors,Tutte,9982,1008,10.098176718092567
2026-09-28,Gasolio,Pompe Bianche,Autostradale,100,0,0.0
2026-09-28,Gasolio,Pompe Bianche,Stradale,6453,146,2.2625135595846895
2026-09-28,Gasolio,Pompe Bianche,Tutte,6553,146,2.2279871814436136
2026-09-28,Gasolio,Tutte,Autostradale,521,77,14.779270633397312
2026-09-28,Gasolio,Tutte,Stradale,19564,1105,5.648129216929053
2026-09-28,Gasolio,Tutte,Tutte,20085,1182,5.884988797610157
2026-09-29,Benzina,Large,Autostradale,102,4,3.9215686274509802
2026-09-29,Benzina,Large,Stradale,3471,38,1.094785364448286
2026-09-29,Benzina,Large,Tutte,3573,42,1.1754827875734677
2026-09-29,Benzina,Majors,Autostradale,283,118,41.69611307420495
2026-09-29,Benzina,Majors,Stradale,9727,3854,39.621671635653335
2026-09-29,Benzina,Majors,Tutte,10010,3972,39.680319680319684
2026-09-29,Benzina,Pompe Bianche,Autostradale,56,2,3.571428571428571
2026-09-29,Benzina,Pompe Bianche,Stradale,6490,247,3.805855161787365
2026-09-29,Benzina,Pompe Bianche,Tutte,6546,249,3.8038496791934002
2026-09-29,Benzina,Tutte,Autostradale,441,124,28.117913832199548
2026-09-29,Benzina,Tutte,Stradale,19688,4139,21.022958147094677
2026-09-29,Benzina,Tutte,Tutte,20129,4263,21.17839932435789
2026-09-29,Gasolio,Large,Autostradale,118,3,2.5423728813559325
2026-09-29,Gasolio,Large,Stradale,3437,48,1.3965667733488507
2026-09-29,Gasolio,Large,Tutte,3555,51,1.4345991561181435
2026-09-29,Gasolio,Majors,Autostradale,303,125,41.254125412541256
2026-09-29,Gasolio,Majors,Stradale,9713,3871,39.853804179964996
2026-09-29,Gasolio,Majors,Tutte,10016,3996,39.8961661341853
2026-09-29,Gasolio,Pompe Bianche,Autostradale,100,4,4.0
2026-09-29,Gasolio,Pompe Bianche,Stradale,6474,309,4.7729379054680265
2026-09-29,Gasolio,Pompe Bianche,Tutte,6574,313,4.761180407666565
2026-09-29,Gasolio,Tutte,Autostradale,521,132,25.335892514395393
2026-09-29,Gasolio,Tutte,Stradale,19624,4228,21.54504688136975
2026-09-29,Gasolio,Tutte,Tutte,20145,4360,21.64308761479275
