fuel,regione,group,tipo_impianto,n_obs,n_below,pct_below_pooled,pct_below_daily_mean
Benzina,Abruzzo,Large,Autostradale,8,0,0.0,0.0
Benzina,Abruzzo,Large,Stradale,132,0,0.0,0.0
Benzina,Abruzzo,Large,Tutte,140,0,0.0,0.0
Benzina,Abruzzo,Majors,Autostradale,24,8,33.33333333333333,33.33333333333333
Benzina,Abruzzo,Majors,Stradale,585,177,30.256410256410255,30.227570246388332
Benzina,Abruzzo,Majors,Tutte,609,185,30.377668308702795,30.34997842968076
Benzina,Abruzzo,Pompe Bianche,Autostradale,6,0,0.0,0.0
Benzina,Abruzzo,Pompe Bianche,Stradale,381,17,4.4619422572178475,4.465417470377514
Benzina,Abruzzo,Pompe Bianche,Tutte,387,17,4.3927648578811365,4.396132685219807
Benzina,Abruzzo,Tutte,Autostradale,38,8,21.052631578947366,21.052631578947366
Benzina,Abruzzo,Tutte,Stradale,1098,194,17.66848816029144,17.66848816029144
Benzina,Abruzzo,Tutte,Tutte,1136,202,17.781690140845072,17.781690140845072
Benzina,Basilicata,Large,Stradale,64,0,0.0,0.0
Benzina,Basilicata,Large,Tutte,64,0,0.0,0.0
Benzina,Basilicata,Majors,Autostradale,4,0,0.0,0.0
Benzina,Basilicata,Majors,Stradale,204,46,22.54901960784314,22.549019607843135
Benzina,Basilicata,Majors,Tutte,208,46,22.115384615384613,22.115384615384617
Benzina,Basilicata,Pompe Bianche,Stradale,170,0,0.0,0.0
Benzina,Basilicata,Pompe Bianche,Tutte,170,0,0.0,0.0
Benzina,Basilicata,Tutte,Autostradale,4,0,0.0,0.0
Benzina,Basilicata,Tutte,Stradale,438,46,10.50228310502283,10.50228310502283
Benzina,Basilicata,Tutte,Tutte,442,46,10.407239819004525,10.407239819004525
Benzina,Calabria,Large,Autostradale,4,0,0.0,0.0
Benzina,Calabria,Large,Stradale,374,2,0.53475935828877,0.53475935828877
Benzina,Calabria,Large,Tutte,378,2,0.5291005291005291,0.5291005291005291
Benzina,Calabria,Majors,Autostradale,20,11,55.00000000000001,55.0
Benzina,Calabria,Majors,Stradale,650,149,22.923076923076923,22.923076923076923
Benzina,Calabria,Majors,Tutte,670,160,23.88059701492537,23.88059701492537
Benzina,Calabria,Pompe Bianche,Autostradale,6,0,0.0,0.0
Benzina,Calabria,Pompe Bianche,Stradale,334,2,0.5988023952095809,0.5988023952095809
Benzina,Calabria,Pompe Bianche,Tutte,340,2,0.5882352941176471,0.5882352941176471
Benzina,Calabria,Tutte,Autostradale,30,11,36.666666666666664,36.666666666666664
Benzina,Calabria,Tutte,Stradale,1358,153,11.26656848306333,11.266568483063327
Benzina,Calabria,Tutte,Tutte,1388,164,11.815561959654179,11.815561959654179
Benzina,Campania,Large,Autostradale,24,0,0.0,0.0
Benzina,Campania,Large,Stradale,482,5,1.0373443983402488,1.037344398340249
Benzina,Campania,Large,Tutte,506,5,0.9881422924901186,0.9881422924901185
Benzina,Campania,Majors,Autostradale,39,16,41.02564102564102,40.78947368421053
Benzina,Campania,Majors,Stradale,1234,217,17.58508914100486,17.55506521139525
Benzina,Campania,Majors,Tutte,1273,233,18.3032207384132,18.26678613567137
Benzina,Campania,Pompe Bianche,Autostradale,10,0,0.0,0.0
Benzina,Campania,Pompe Bianche,Stradale,1485,29,1.9528619528619526,1.9513734708980888
Benzina,Campania,Pompe Bianche,Tutte,1495,29,1.939799331103679,1.9383306428231386
Benzina,Campania,Tutte,Autostradale,73,16,21.91780821917808,21.846846846846844
Benzina,Campania,Tutte,Stradale,3201,251,7.841299593876913,7.832524199832292
Benzina,Campania,Tutte,Tutte,3274,267,8.155161881490532,8.1452842855293
Benzina,Emilia-Romagna,Large,Autostradale,14,0,0.0,0.0
Benzina,Emilia-Romagna,Large,Stradale,485,5,1.0309278350515463,1.0313573444886577
Benzina,Emilia-Romagna,Large,Tutte,499,5,1.002004008016032,1.002409638554217
Benzina,Emilia-Romagna,Majors,Autostradale,56,18,32.142857142857146,32.14285714285714
Benzina,Emilia-Romagna,Majors,Stradale,1550,396,25.548387096774196,25.52728495697808
Benzina,Emilia-Romagna,Majors,Tutte,1606,414,25.77833125778331,25.75852036575229
Benzina,Emilia-Romagna,Pompe Bianche,Autostradale,10,1,10.0,10.0
Benzina,Emilia-Romagna,Pompe Bianche,Stradale,1160,12,1.0344827586206897,1.0332967696098976
Benzina,Emilia-Romagna,Pompe Bianche,Tutte,1170,13,1.1111111111111112,1.1097994296133527
Benzina,Emilia-Romagna,Tutte,Autostradale,80,19,23.75,23.75
Benzina,Emilia-Romagna,Tutte,Stradale,3195,413,12.926447574334897,12.918729751207287
Benzina,Emilia-Romagna,Tutte,Tutte,3275,432,13.19083969465649,13.183410631146966
Benzina,Friuli-Venezia Giulia,Large,Autostradale,5,0,0.0,0.0
Benzina,Friuli-Venezia Giulia,Large,Stradale,138,0,0.0,0.0
Benzina,Friuli-Venezia Giulia,Large,Tutte,143,0,0.0,0.0
Benzina,Friuli-Venezia Giulia,Majors,Autostradale,4,3,75.0,75.0
Benzina,Friuli-Venezia Giulia,Majors,Stradale,485,167,34.43298969072165,34.46076930925416
Benzina,Friuli-Venezia Giulia,Majors,Tutte,489,170,34.76482617586912,34.792572766811645
Benzina,Friuli-Venezia Giulia,Pompe Bianche,Autostradale,8,0,0.0,0.0
Benzina,Friuli-Venezia Giulia,Pompe Bianche,Stradale,167,0,0.0,0.0
Benzina,Friuli-Venezia Giulia,Pompe Bianche,Tutte,175,0,0.0,0.0
Benzina,Friuli-Venezia Giulia,Tutte,Autostradale,17,3,17.647058823529413,18.055555555555557
Benzina,Friuli-Venezia Giulia,Tutte,Stradale,790,167,21.139240506329113,21.139240506329113
Benzina,Friuli-Venezia Giulia,Tutte,Tutte,807,170,21.065675340768276,21.075842075522687
Benzina,Lazio,Large,Autostradale,10,0,0.0,0.0
Benzina,Lazio,Large,Stradale,475,5,1.0526315789473684,1.0513065985888026
Benzina,Lazio,Large,Tutte,485,5,1.0309278350515463,1.0296568377376458
Benzina,Lazio,Majors,Autostradale,68,29,42.64705882352941,42.647058823529406
Benzina,Lazio,Majors,Stradale,2087,499,23.90991854336368,23.85577786716774
Benzina,Lazio,Majors,Tutte,2155,528,24.501160092807424,24.44968715976902
Benzina,Lazio,Pompe Bianche,Autostradale,2,0,0.0,0.0
Benzina,Lazio,Pompe Bianche,Stradale,1132,59,5.212014134275619,5.196708569145333
Benzina,Lazio,Pompe Bianche,Tutte,1134,59,5.2028218694885355,5.187569988801791
Benzina,Lazio,Tutte,Autostradale,80,29,36.25,36.25
Benzina,Lazio,Tutte,Stradale,3694,563,15.240931239848402,15.207919027428613
Benzina,Lazio,Tutte,Tutte,3774,592,15.686274509803921,15.654278049635352
Benzina,Liguria,Large,Autostradale,24,1,4.166666666666666,4.166666666666666
Benzina,Liguria,Large,Stradale,136,0,0.0,0.0
Benzina,Liguria,Large,Tutte,160,1,0.625,0.625
Benzina,Liguria,Majors,Autostradale,32,13,40.625,40.625
Benzina,Liguria,Majors,Stradale,529,130,24.574669187145556,24.53902229845626
Benzina,Liguria,Majors,Tutte,561,143,25.49019607843137,25.457549567869854
Benzina,Liguria,Pompe Bianche,Autostradale,4,0,0.0,0.0
Benzina,Liguria,Pompe Bianche,Stradale,205,5,2.4390243902439024,2.4367028364743955
Benzina,Liguria,Pompe Bianche,Tutte,209,5,2.3923444976076556,2.39010989010989
Benzina,Liguria,Tutte,Autostradale,60,14,23.333333333333332,23.333333333333332
Benzina,Liguria,Tutte,Stradale,870,135,15.517241379310345,15.490635437365238
Benzina,Liguria,Tutte,Tutte,930,149,16.021505376344088,15.9972990972325
Benzina,Lombardia,Large,Autostradale,26,0,0.0,0.0
Benzina,Lombardia,Large,Stradale,1236,14,1.132686084142395,1.132686084142395
Benzina,Lombardia,Large,Tutte,1262,14,1.109350237717908,1.109350237717908
Benzina,Lombardia,Majors,Autostradale,83,16,19.27710843373494,19.192799070847855
Benzina,Lombardia,Majors,Stradale,2658,549,20.654627539503387,20.62339488810077
Benzina,Lombardia,Majors,Tutte,2741,565,20.612914994527546,20.57811014248309
Benzina,Lombardia,Pompe Bianche,Autostradale,4,0,0.0,0.0
Benzina,Lombardia,Pompe Bianche,Stradale,1325,37,2.7924528301886795,2.7920557021321195
Benzina,Lombardia,Pompe Bianche,Tutte,1329,37,2.784048156508653,2.7836534106350213
Benzina,Lombardia,Tutte,Autostradale,113,16,14.15929203539823,14.113408521303256
Benzina,Lombardia,Tutte,Stradale,5219,600,11.49645525962828,11.486812939259073
Benzina,Lombardia,Tutte,Tutte,5332,616,11.552888222055515,11.542165081026628
Benzina,Marche,Large,Stradale,308,4,1.2987012987012987,1.2987012987012987
Benzina,Marche,Large,Tutte,308,4,1.2987012987012987,1.2987012987012987
Benzina,Marche,Majors,Autostradale,20,6,30.0,30.0
Benzina,Marche,Majors,Stradale,618,166,26.860841423948216,26.86084142394822
Benzina,Marche,Majors,Tutte,638,172,26.959247648902824,26.95924764890282
Benzina,Marche,Pompe Bianche,Autostradale,4,0,0.0,0.0
Benzina,Marche,Pompe Bianche,Stradale,401,54,13.466334164588527,13.44776119402985
Benzina,Marche,Pompe Bianche,Tutte,405,54,13.333333333333334,13.315124615909866
Benzina,Marche,Tutte,Autostradale,24,6,25.0,25.0
Benzina,Marche,Tutte,Stradale,1327,224,16.88018085908063,16.871331479765217
Benzina,Marche,Tutte,Tutte,1351,230,17.024426350851222,17.015669515669515
Benzina,Molise,Large,Autostradale,4,0,0.0,0.0
Benzina,Molise,Large,Stradale,64,0,0.0,0.0
Benzina,Molise,Large,Tutte,68,0,0.0,0.0
Benzina,Molise,Majors,Autostradale,2,2,100.0,100.0
Benzina,Molise,Majors,Stradale,108,32,29.629629629629626,29.629629629629626
Benzina,Molise,Majors,Tutte,110,34,30.909090909090907,30.90909090909091
Benzina,Molise,Pompe Bianche,Stradale,102,5,4.901960784313726,4.846153846153847
Benzina,Molise,Pompe Bianche,Tutte,102,5,4.901960784313726,4.846153846153847
Benzina,Molise,Tutte,Autostradale,6,2,33.33333333333333,33.33333333333333
Benzina,Molise,Tutte,Stradale,274,37,13.503649635036496,13.443094629156011
Benzina,Molise,Tutte,Tutte,280,39,13.928571428571429,13.870605643145058
Benzina,Piemonte,Large,Autostradale,25,0,0.0,0.0
Benzina,Piemonte,Large,Stradale,646,2,0.30959752321981426,0.30959752321981426
Benzina,Piemonte,Large,Tutte,671,2,0.29806259314456035,0.2980632551528074
Benzina,Piemonte,Majors,Autostradale,66,18,27.27272727272727,27.272727272727273
Benzina,Piemonte,Majors,Stradale,1590,341,21.446540880503147,21.42798374745263
Benzina,Piemonte,Majors,Tutte,1656,359,21.678743961352655,21.6611993004494
Benzina,Piemonte,Pompe Bianche,Autostradale,20,0,0.0,0.0
Benzina,Piemonte,Pompe Bianche,Stradale,857,41,4.784130688448075,4.7788791460160125
Benzina,Piemonte,Pompe Bianche,Tutte,877,41,4.67502850627138,4.670012481797379
Benzina,Piemonte,Tutte,Autostradale,111,18,16.216216216216218,16.16883116883117
Benzina,Piemonte,Tutte,Stradale,3093,384,12.415130940834143,12.40220165441853
Benzina,Piemonte,Tutte,Tutte,3204,402,12.54681647940075,12.532014752210785
Benzina,Puglia,Large,Autostradale,12,0,0.0,0.0
Benzina,Puglia,Large,Stradale,255,2,0.7843137254901961,0.7843257874015748
Benzina,Puglia,Large,Tutte,267,2,0.7490636704119851,0.749074177982269
Benzina,Puglia,Majors,Autostradale,10,4,40.0,40.0
Benzina,Puglia,Majors,Stradale,1477,342,23.155044008124577,23.1103862289503
Benzina,Puglia,Majors,Tutte,1487,346,23.268325487558844,23.22426761893391
Benzina,Puglia,Pompe Bianche,Autostradale,14,0,0.0,0.0
Benzina,Puglia,Pompe Bianche,Stradale,982,24,2.4439918533604885,2.443991853360489
Benzina,Puglia,Pompe Bianche,Tutte,996,24,2.4096385542168677,2.4096385542168672
Benzina,Puglia,Tutte,Autostradale,36,4,11.11111111111111,11.11111111111111
Benzina,Puglia,Tutte,Stradale,2714,368,13.559322033898304,13.548381841434308
Benzina,Puglia,Tutte,Tutte,2750,372,13.527272727272727,13.516617026892222
Benzina,Sardegna,Large,Stradale,344,2,0.5813953488372093,0.5813953488372093
Benzina,Sardegna,Large,Tutte,344,2,0.5813953488372093,0.5813953488372093
Benzina,Sardegna,Majors,Stradale,614,141,22.964169381107492,22.964169381107492
Benzina,Sardegna,Majors,Tutte,614,141,22.964169381107492,22.964169381107492
Benzina,Sardegna,Pompe Bianche,Stradale,234,2,0.8547008547008548,0.8547008547008548
Benzina,Sardegna,Pompe Bianche,Tutte,234,2,0.8547008547008548,0.8547008547008548
Benzina,Sardegna,Tutte,Stradale,1192,145,12.164429530201343,12.164429530201343
Benzina,Sardegna,Tutte,Tutte,1192,145,12.164429530201343,12.164429530201343
Benzina,Sicilia,Large,Autostradale,8,0,0.0,0.0
Benzina,Sicilia,Large,Stradale,482,3,0.6224066390041494,0.6224066390041494
Benzina,Sicilia,Large,Tutte,490,3,0.6122448979591837,0.6122448979591837
Benzina,Sicilia,Majors,Autostradale,26,8,30.76923076923077,30.769230769230774
Benzina,Sicilia,Majors,Stradale,1370,409,29.854014598540147,29.854014598540147
Benzina,Sicilia,Majors,Tutte,1396,417,29.871060171919773,29.871060171919773
Benzina,Sicilia,Pompe Bianche,Autostradale,2,0,0.0,0.0
Benzina,Sicilia,Pompe Bianche,Stradale,1234,14,1.1345218800648298,1.1334830634251416
Benzina,Sicilia,Pompe Bianche,Tutte,1236,14,1.132686084142395,1.131650607457059
Benzina,Sicilia,Tutte,Autostradale,36,8,22.22222222222222,22.22222222222222
Benzina,Sicilia,Tutte,Stradale,3086,426,13.804277381723914,13.793800100384528
Benzina,Sicilia,Tutte,Tutte,3122,434,13.901345291479823,13.891026327636734
Benzina,Toscana,Large,Autostradale,8,0,0.0,0.0
Benzina,Toscana,Large,Stradale,488,0,0.0,0.0
Benzina,Toscana,Large,Tutte,496,0,0.0,0.0
Benzina,Toscana,Majors,Autostradale,46,9,19.565217391304348,19.565217391304348
Benzina,Toscana,Majors,Stradale,1442,354,24.549237170596395,24.472906631373213
Benzina,Toscana,Majors,Tutte,1488,363,24.39516129032258,24.32157780921256
Benzina,Toscana,Pompe Bianche,Autostradale,8,0,0.0,0.0
Benzina,Toscana,Pompe Bianche,Stradale,839,13,1.5494636471990464,1.549039663598136
Benzina,Toscana,Pompe Bianche,Tutte,847,13,1.5348288075560803,1.5344127748784513
Benzina,Toscana,Tutte,Autostradale,62,9,14.516129032258066,14.516129032258064
Benzina,Toscana,Tutte,Stradale,2769,367,13.253882267966773,13.222446552101918
Benzina,Toscana,Tutte,Tutte,2831,376,13.2815259625574,13.250666294007846
Benzina,Trentino-Alto Adige/Südtirol,Large,Autostradale,12,0,0.0,0.0
Benzina,Trentino-Alto Adige/Südtirol,Large,Stradale,138,2,1.4492753623188406,1.4492753623188406
Benzina,Trentino-Alto Adige/Südtirol,Large,Tutte,150,2,1.3333333333333335,1.3333333333333335
Benzina,Trentino-Alto Adige/Südtirol,Majors,Autostradale,12,4,33.33333333333333,33.33333333333333
Benzina,Trentino-Alto Adige/Südtirol,Majors,Stradale,378,106,28.04232804232804,28.04232804232804
Benzina,Trentino-Alto Adige/Südtirol,Majors,Tutte,390,110,28.205128205128204,28.205128205128204
Benzina,Trentino-Alto Adige/Südtirol,Pompe Bianche,Autostradale,4,1,25.0,25.0
Benzina,Trentino-Alto Adige/Südtirol,Pompe Bianche,Stradale,168,1,0.5952380952380952,0.5952380952380952
Benzina,Trentino-Alto Adige/Südtirol,Pompe Bianche,Tutte,172,2,1.1627906976744187,1.1627906976744187
Benzina,Trentino-Alto Adige/Südtirol,Tutte,Autostradale,28,5,17.857142857142858,17.857142857142854
Benzina,Trentino-Alto Adige/Südtirol,Tutte,Stradale,684,109,15.935672514619883,15.935672514619885
Benzina,Trentino-Alto Adige/Südtirol,Tutte,Tutte,712,114,16.01123595505618,16.01123595505618
Benzina,Umbria,Large,Autostradale,2,0,0.0,0.0
Benzina,Umbria,Large,Stradale,134,0,0.0,0.0
Benzina,Umbria,Large,Tutte,136,0,0.0,0.0
Benzina,Umbria,Majors,Autostradale,6,3,50.0,49.99999999999999
Benzina,Umbria,Majors,Stradale,442,83,18.778280542986426,18.72850122850123
Benzina,Umbria,Majors,Tutte,448,86,19.196428571428573,19.146985550572992
Benzina,Umbria,Pompe Bianche,Stradale,228,10,4.385964912280701,4.385964912280701
Benzina,Umbria,Pompe Bianche,Tutte,228,10,4.385964912280701,4.385964912280701
Benzina,Umbria,Tutte,Autostradale,8,3,37.5,37.5
Benzina,Umbria,Tutte,Stradale,804,93,11.567164179104477,11.548981145152007
Benzina,Umbria,Tutte,Tutte,812,96,11.822660098522167,11.804531804531806
Benzina,Valle d'Aosta,Large,Stradale,28,0,0.0,0.0
Benzina,Valle d'Aosta,Large,Tutte,28,0,0.0,0.0
Benzina,Valle d'Aosta,Majors,Autostradale,6,3,50.0,49.99999999999999
Benzina,Valle d'Aosta,Majors,Stradale,46,15,32.608695652173914,32.608695652173914
Benzina,Valle d'Aosta,Majors,Tutte,52,18,34.61538461538461,34.61538461538461
Benzina,Valle d'Aosta,Pompe Bianche,Autostradale,2,0,0.0,0.0
Benzina,Valle d'Aosta,Pompe Bianche,Stradale,52,0,0.0,0.0
Benzina,Valle d'Aosta,Pompe Bianche,Tutte,54,0,0.0,0.0
Benzina,Valle d'Aosta,Tutte,Autostradale,8,3,37.5,37.5
Benzina,Valle d'Aosta,Tutte,Stradale,126,15,11.904761904761903,11.904761904761905
Benzina,Valle d'Aosta,Tutte,Tutte,134,18,13.432835820895523,13.432835820895521
Benzina,Veneto,Large,Autostradale,18,5,27.77777777777778,27.777777777777775
Benzina,Veneto,Large,Stradale,532,10,1.8796992481203008,1.8796992481203008
Benzina,Veneto,Large,Tutte,550,15,2.727272727272727,2.7272727272727275
Benzina,Veneto,Majors,Autostradale,40,17,42.5,42.5
Benzina,Veneto,Majors,Stradale,1347,441,32.73942093541203,32.72395183442754
Benzina,Veneto,Majors,Tutte,1387,458,33.02090843547224,33.00616290529835
Benzina,Veneto,Pompe Bianche,Autostradale,8,0,0.0,0.0
Benzina,Veneto,Pompe Bianche,Stradale,1500,21,1.4000000000000001,1.4
Benzina,Veneto,Pompe Bianche,Tutte,1508,21,1.3925729442970822,1.392572944297082
Benzina,Veneto,Tutte,Autostradale,66,22,33.33333333333333,33.33333333333333
Benzina,Veneto,Tutte,Stradale,3379,472,13.968629772121929,13.965985965576074
Benzina,Veneto,Tutte,Tutte,3445,494,14.339622641509434,14.337045492998666
Benzina,Tutte,Large,Autostradale,204,6,2.941176470588235,2.941176470588235
Benzina,Tutte,Large,Stradale,6941,56,0.8068001728857512,0.8067586764604542
Benzina,Tutte,Large,Tutte,7145,62,0.867739678096571,0.8676966009535871
Benzina,Tutte,Majors,Autostradale,564,188,33.33333333333333,33.30357255133735
Benzina,Tutte,Majors,Stradale,19414,4760,24.518388791593697,24.48720621113729
Benzina,Tutte,Majors,Tutte,19978,4948,24.7672439683652,24.73582597178103
Benzina,Tutte,Pompe Bianche,Autostradale,112,2,1.7857142857142856,1.7857142857142856
Benzina,Tutte,Pompe Bianche,Stradale,12956,346,2.670577338684779,2.668470420361669
Benzina,Tutte,Pompe Bianche,Tutte,13068,348,2.6629935720844813,2.6608944808110517
Benzina,Tutte,Tutte,Autostradale,880,196,22.272727272727273,22.25941249696538
Benzina,Tutte,Tutte,Stradale,39311,5162,13.131184655694335,13.118114144637385
Benzina,Tutte,Tutte,Tutte,40191,5358,13.331342837948796,13.318239638253115
Gasolio,Abruzzo,Large,Autostradale,8,0,0.0,0.0
Gasolio,Abruzzo,Large,Stradale,132,2,1.5151515151515151,1.5151515151515151
Gasolio,Abruzzo,Large,Tutte,140,2,1.4285714285714286,1.4285714285714286
Gasolio,Abruzzo,Majors,Autostradale,32,8,25.0,25.0
Gasolio,Abruzzo,Majors,Stradale,584,176,30.136986301369863,30.136986301369866
Gasolio,Abruzzo,Majors,Tutte,616,184,29.87012987012987,29.870129870129873
Gasolio,Abruzzo,Pompe Bianche,Autostradale,12,0,0.0,0.0
Gasolio,Abruzzo,Pompe Bianche,Stradale,380,19,5.0,5.0
Gasolio,Abruzzo,Pompe Bianche,Tutte,392,19,4.846938775510204,4.846938775510203
Gasolio,Abruzzo,Tutte,Autostradale,52,8,15.384615384615385,15.384615384615385
Gasolio,Abruzzo,Tutte,Stradale,1096,197,17.974452554744524,17.974452554744527
Gasolio,Abruzzo,Tutte,Tutte,1148,205,17.857142857142858,17.857142857142858
Gasolio,Basilicata,Large,Stradale,64,0,0.0,0.0
Gasolio,Basilicata,Large,Tutte,64,0,0.0,0.0
Gasolio,Basilicata,Majors,Autostradale,8,0,0.0,0.0
Gasolio,Basilicata,Majors,Stradale,202,48,23.762376237623762,23.762376237623762
Gasolio,Basilicata,Majors,Tutte,210,48,22.857142857142858,22.857142857142854
Gasolio,Basilicata,Pompe Bianche,Stradale,170,0,0.0,0.0
Gasolio,Basilicata,Pompe Bianche,Tutte,170,0,0.0,0.0
Gasolio,Basilicata,Tutte,Autostradale,8,0,0.0,0.0
Gasolio,Basilicata,Tutte,Stradale,436,48,11.009174311926607,11.009174311926607
Gasolio,Basilicata,Tutte,Tutte,444,48,10.81081081081081,10.81081081081081
Gasolio,Calabria,Large,Autostradale,4,0,0.0,0.0
Gasolio,Calabria,Large,Stradale,374,4,1.06951871657754,1.06951871657754
Gasolio,Calabria,Large,Tutte,378,4,1.0582010582010581,1.0582010582010581
Gasolio,Calabria,Majors,Autostradale,20,11,55.00000000000001,55.0
Gasolio,Calabria,Majors,Stradale,651,148,22.734254992319507,22.71401604530439
Gasolio,Calabria,Majors,Tutte,671,159,23.69597615499255,23.676705756929636
Gasolio,Calabria,Pompe Bianche,Autostradale,6,0,0.0,0.0
Gasolio,Calabria,Pompe Bianche,Stradale,334,2,0.5988023952095809,0.5988023952095809
Gasolio,Calabria,Pompe Bianche,Tutte,340,2,0.5882352941176471,0.5882352941176471
Gasolio,Calabria,Tutte,Autostradale,30,11,36.666666666666664,36.666666666666664
Gasolio,Calabria,Tutte,Stradale,1359,154,11.33186166298749,11.32721129688989
Gasolio,Calabria,Tutte,Tutte,1389,165,11.879049676025918,11.874546472332222
Gasolio,Campania,Large,Autostradale,28,0,0.0,0.0
Gasolio,Campania,Large,Stradale,480,5,1.0416666666666665,1.0416666666666667
Gasolio,Campania,Large,Tutte,508,5,0.984251968503937,0.9842519685039369
Gasolio,Campania,Majors,Autostradale,41,16,39.02439024390244,38.80952380952381
Gasolio,Campania,Majors,Stradale,1234,224,18.152350081037277,18.137687555163282
Gasolio,Campania,Majors,Tutte,1275,240,18.823529411764707,18.802226356039803
Gasolio,Campania,Pompe Bianche,Autostradale,18,3,16.666666666666664,16.666666666666664
Gasolio,Campania,Pompe Bianche,Stradale,1485,36,2.4242424242424243,2.4223477428061466
Gasolio,Campania,Pompe Bianche,Tutte,1503,39,2.5948103792415167,2.5925630810092963
Gasolio,Campania,Tutte,Autostradale,87,19,21.839080459770116,21.749471458773783
Gasolio,Campania,Tutte,Stradale,3199,265,8.283838699593623,8.277556154368718
Gasolio,Campania,Tutte,Tutte,3286,284,8.642726719415702,8.635198411522389
Gasolio,Emilia-Romagna,Large,Autostradale,14,0,0.0,0.0
Gasolio,Emilia-Romagna,Large,Stradale,477,11,2.3060796645702304,2.305650293590239
Gasolio,Emilia-Romagna,Large,Tutte,491,11,2.240325865580448,2.2399203583872573
Gasolio,Emilia-Romagna,Majors,Autostradale,56,18,32.142857142857146,32.14285714285714
Gasolio,Emilia-Romagna,Majors,Stradale,1547,394,25.46864899806076,25.437405983620256
Gasolio,Emilia-Romagna,Majors,Tutte,1603,412,25.701809107922646,25.672478206724783
Gasolio,Emilia-Romagna,Pompe Bianche,Autostradale,18,0,0.0,0.0
Gasolio,Emilia-Romagna,Pompe Bianche,Stradale,1154,18,1.559792027729636,1.5597920277296362
Gasolio,Emilia-Romagna,Pompe Bianche,Tutte,1172,18,1.5358361774744027,1.535836177474403
Gasolio,Emilia-Romagna,Tutte,Autostradale,88,18,20.454545454545457,20.454545454545453
Gasolio,Emilia-Romagna,Tutte,Stradale,3178,423,13.310258023914411,13.300021347236365
Gasolio,Emilia-Romagna,Tutte,Tutte,3266,441,13.50275566442131,13.492988485704162
Gasolio,Friuli-Venezia Giulia,Large,Autostradale,7,0,0.0,0.0
Gasolio,Friuli-Venezia Giulia,Large,Stradale,136,0,0.0,0.0
Gasolio,Friuli-Venezia Giulia,Large,Tutte,143,0,0.0,0.0
Gasolio,Friuli-Venezia Giulia,Majors,Autostradale,6,5,83.33333333333334,83.33333333333333
Gasolio,Friuli-Venezia Giulia,Majors,Stradale,485,167,34.43298969072165,34.46076930925416
Gasolio,Friuli-Venezia Giulia,Majors,Tutte,491,172,35.03054989816701,35.05807200929152
Gasolio,Friuli-Venezia Giulia,Pompe Bianche,Autostradale,18,0,0.0,0.0
Gasolio,Friuli-Venezia Giulia,Pompe Bianche,Stradale,167,0,0.0,0.0
Gasolio,Friuli-Venezia Giulia,Pompe Bianche,Tutte,185,0,0.0,0.0
Gasolio,Friuli-Venezia Giulia,Tutte,Autostradale,31,5,16.129032258064516,16.25
Gasolio,Friuli-Venezia Giulia,Tutte,Stradale,788,167,21.19289340101523,21.19289340101523
Gasolio,Friuli-Venezia Giulia,Tutte,Tutte,819,172,21.001221001221,21.011091895760035
Gasolio,Lazio,Large,Autostradale,12,0,0.0,0.0
Gasolio,Lazio,Large,Stradale,465,5,1.0752688172043012,1.0738863400917567
Gasolio,Lazio,Large,Tutte,477,5,1.0482180293501049,1.0469041172954536
Gasolio,Lazio,Majors,Autostradale,68,29,42.64705882352941,42.647058823529406
Gasolio,Lazio,Majors,Stradale,2085,508,24.364508393285373,24.31052949273815
Gasolio,Lazio,Majors,Tutte,2153,537,24.941941477008825,24.890621683054
Gasolio,Lazio,Pompe Bianche,Autostradale,4,0,0.0,0.0
Gasolio,Lazio,Pompe Bianche,Stradale,1150,104,9.043478260869566,9.034513839108829
Gasolio,Lazio,Pompe Bianche,Tutte,1154,104,9.01213171577123,9.003228955470451
Gasolio,Lazio,Tutte,Autostradale,84,29,34.523809523809526,34.523809523809526
Gasolio,Lazio,Tutte,Stradale,3700,617,16.675675675675674,16.64688543481894
Gasolio,Lazio,Tutte,Tutte,3784,646,17.071881606765327,17.044027265616272
Gasolio,Liguria,Large,Autostradale,26,0,0.0,0.0
Gasolio,Liguria,Large,Stradale,136,0,0.0,0.0
Gasolio,Liguria,Large,Tutte,162,0,0.0,0.0
Gasolio,Liguria,Majors,Autostradale,34,15,44.11764705882353,44.117647058823536
Gasolio,Liguria,Majors,Stradale,528,130,24.62121212121212,24.62121212121212
Gasolio,Liguria,Majors,Tutte,562,145,25.800711743772244,25.800711743772244
Gasolio,Liguria,Pompe Bianche,Autostradale,6,0,0.0,0.0
Gasolio,Liguria,Pompe Bianche,Stradale,201,3,1.4925373134328357,1.49009900990099
Gasolio,Liguria,Pompe Bianche,Tutte,207,3,1.4492753623188406,1.446975354742345
Gasolio,Liguria,Tutte,Autostradale,66,15,22.727272727272727,22.727272727272727
Gasolio,Liguria,Tutte,Stradale,865,133,15.375722543352602,15.36224446155162
Gasolio,Liguria,Tutte,Tutte,931,148,15.896885069817401,15.884904702570493
Gasolio,Lombardia,Large,Autostradale,28,0,0.0,0.0
Gasolio,Lombardia,Large,Stradale,1207,15,1.2427506213753108,1.242682833075242
Gasolio,Lombardia,Large,Tutte,1235,15,1.214574898785425,1.2145101309709263
Gasolio,Lombardia,Majors,Autostradale,87,16,18.39080459770115,18.313953488372093
Gasolio,Lombardia,Majors,Stradale,2650,556,20.9811320754717,20.960332554691472
Gasolio,Lombardia,Majors,Tutte,2737,572,20.898794300328827,20.874034726872157
Gasolio,Lombardia,Pompe Bianche,Autostradale,6,0,0.0,0.0
Gasolio,Lombardia,Pompe Bianche,Stradale,1316,51,3.875379939209726,3.875379939209726
Gasolio,Lombardia,Pompe Bianche,Tutte,1322,51,3.8577912254160367,3.8577912254160367
Gasolio,Lombardia,Tutte,Autostradale,121,16,13.223140495867769,13.183060109289617
Gasolio,Lombardia,Tutte,Stradale,5173,622,12.023970616663444,12.016993782937337
Gasolio,Lombardia,Tutte,Tutte,5294,638,12.051378919531546,12.04325921274227
Gasolio,Marche,Large,Stradale,306,4,1.3071895424836601,1.3071895424836601
Gasolio,Marche,Large,Tutte,306,4,1.3071895424836601,1.3071895424836601
Gasolio,Marche,Majors,Autostradale,20,6,30.0,30.0
Gasolio,Marche,Majors,Stradale,618,167,27.02265372168285,27.022653721682847
Gasolio,Marche,Majors,Tutte,638,173,27.11598746081505,27.11598746081505
Gasolio,Marche,Pompe Bianche,Autostradale,8,0,0.0,0.0
Gasolio,Marche,Pompe Bianche,Stradale,402,57,14.17910447761194,14.17910447761194
Gasolio,Marche,Pompe Bianche,Tutte,410,57,13.902439024390246,13.902439024390244
Gasolio,Marche,Tutte,Autostradale,28,6,21.428571428571427,21.42857142857143
Gasolio,Marche,Tutte,Stradale,1326,228,17.194570135746606,17.19457013574661
Gasolio,Marche,Tutte,Tutte,1354,234,17.2821270310192,17.2821270310192
Gasolio,Molise,Large,Autostradale,6,0,0.0,0.0
Gasolio,Molise,Large,Stradale,64,0,0.0,0.0
Gasolio,Molise,Large,Tutte,70,0,0.0,0.0
Gasolio,Molise,Majors,Autostradale,4,3,75.0,75.0
Gasolio,Molise,Majors,Stradale,108,32,29.629629629629626,29.629629629629626
Gasolio,Molise,Majors,Tutte,112,35,31.25,31.25
Gasolio,Molise,Pompe Bianche,Stradale,103,4,3.8834951456310676,3.8650075414781297
Gasolio,Molise,Pompe Bianche,Tutte,103,4,3.8834951456310676,3.8650075414781297
Gasolio,Molise,Tutte,Autostradale,10,3,30.0,30.0
Gasolio,Molise,Tutte,Stradale,275,36,13.090909090909092,13.061990902359039
Gasolio,Molise,Tutte,Tutte,285,39,13.684210526315791,13.656062247611542
Gasolio,Piemonte,Large,Autostradale,30,0,0.0,0.0
Gasolio,Piemonte,Large,Stradale,645,3,0.46511627906976744,0.4648770263254043
Gasolio,Piemonte,Large,Tutte,675,3,0.4444444444444444,0.4442259406879357
Gasolio,Piemonte,Majors,Autostradale,68,18,26.47058823529412,26.47058823529412
Gasolio,Piemonte,Majors,Stradale,1590,345,21.69811320754717,21.67955647253902
Gasolio,Piemonte,Majors,Tutte,1658,363,21.89384800965018,21.876345963564404
Gasolio,Piemonte,Pompe Bianche,Autostradale,36,0,0.0,0.0
Gasolio,Piemonte,Pompe Bianche,Stradale,855,46,5.380116959064328,5.373616993335303
Gasolio,Piemonte,Pompe Bianche,Tutte,891,46,5.16273849607183,5.156750710441986
Gasolio,Piemonte,Tutte,Autostradale,134,18,13.432835820895523,13.432835820895521
Gasolio,Piemonte,Tutte,Stradale,3090,394,12.750809061488674,12.735021466131773
Gasolio,Piemonte,Tutte,Tutte,3224,412,12.779156327543426,12.764307581002374
Gasolio,Puglia,Large,Autostradale,24,0,0.0,0.0
Gasolio,Puglia,Large,Stradale,255,10,3.9215686274509802,3.921628937007874
Gasolio,Puglia,Large,Tutte,279,10,3.584229390681003,3.584275436793422
Gasolio,Puglia,Majors,Autostradale,14,5,35.714285714285715,35.71428571428571
Gasolio,Puglia,Majors,Stradale,1472,346,23.505434782608695,23.469794643450523
Gasolio,Puglia,Majors,Tutte,1486,351,23.620457604306864,23.585305545743555
Gasolio,Puglia,Pompe Bianche,Autostradale,28,0,0.0,0.0
Gasolio,Puglia,Pompe Bianche,Stradale,986,29,2.941176470588235,2.9411764705882355
Gasolio,Puglia,Pompe Bianche,Tutte,1014,29,2.8599605522682445,2.8599605522682445
Gasolio,Puglia,Tutte,Autostradale,66,5,7.575757575757576,7.575757575757576
Gasolio,Puglia,Tutte,Stradale,2713,385,14.190932546995946,14.18275736512888
Gasolio,Puglia,Tutte,Tutte,2779,390,14.033825116948542,14.025994609231432
Gasolio,Sardegna,Large,Stradale,344,4,1.1627906976744187,1.1627906976744187
Gasolio,Sardegna,Large,Tutte,344,4,1.1627906976744187,1.1627906976744187
Gasolio,Sardegna,Majors,Stradale,614,141,22.964169381107492,22.964169381107492
Gasolio,Sardegna,Majors,Tutte,614,141,22.964169381107492,22.964169381107492
Gasolio,Sardegna,Pompe Bianche,Stradale,232,2,0.8620689655172413,0.8620689655172413
Gasolio,Sardegna,Pompe Bianche,Tutte,232,2,0.8620689655172413,0.8620689655172413
Gasolio,Sardegna,Tutte,Stradale,1190,147,12.352941176470589,12.352941176470589
Gasolio,Sardegna,Tutte,Tutte,1190,147,12.352941176470589,12.352941176470589
Gasolio,Sicilia,Large,Autostradale,10,0,0.0,0.0
Gasolio,Sicilia,Large,Stradale,484,2,0.4132231404958678,0.4132231404958678
Gasolio,Sicilia,Large,Tutte,494,2,0.4048582995951417,0.4048582995951417
Gasolio,Sicilia,Majors,Autostradale,32,10,31.25,31.25
Gasolio,Sicilia,Majors,Stradale,1368,406,29.678362573099413,29.65192206987208
Gasolio,Sicilia,Majors,Tutte,1400,416,29.714285714285715,29.688836099665508
Gasolio,Sicilia,Pompe Bianche,Autostradale,4,0,0.0,0.0
Gasolio,Sicilia,Pompe Bianche,Stradale,1235,14,1.1336032388663968,1.1309992132179385
Gasolio,Sicilia,Pompe Bianche,Tutte,1239,14,1.1299435028248588,1.1273562044328174
Gasolio,Sicilia,Tutte,Autostradale,46,10,21.73913043478261,21.73913043478261
Gasolio,Sicilia,Tutte,Stradale,3087,422,13.670229996760607,13.65149556326027
Gasolio,Sicilia,Tutte,Tutte,3133,432,13.788700925630387,13.770370551487218
Gasolio,Toscana,Large,Autostradale,8,0,0.0,0.0
Gasolio,Toscana,Large,Stradale,488,0,0.0,0.0
Gasolio,Toscana,Large,Tutte,496,0,0.0,0.0
Gasolio,Toscana,Majors,Autostradale,47,9,19.148936170212767,19.474637681159418
Gasolio,Toscana,Majors,Stradale,1444,360,24.930747922437675,24.879910988336402
Gasolio,Toscana,Majors,Tutte,1491,369,24.748490945674046,24.711750226713306
Gasolio,Toscana,Pompe Bianche,Autostradale,16,0,0.0,0.0
Gasolio,Toscana,Pompe Bianche,Stradale,839,15,1.7878426698450536,1.787419024889192
Gasolio,Toscana,Pompe Bianche,Tutte,855,15,1.7543859649122806,1.7539779815710563
Gasolio,Toscana,Tutte,Autostradale,71,9,12.676056338028168,12.817460317460318
Gasolio,Toscana,Tutte,Stradale,2771,375,13.533020570191267,13.508583568017887
Gasolio,Toscana,Tutte,Tutte,2842,384,13.511611541168191,13.491168919668468
Gasolio,Trentino-Alto Adige/Südtirol,Large,Autostradale,12,0,0.0,0.0
Gasolio,Trentino-Alto Adige/Südtirol,Large,Stradale,136,0,0.0,0.0
Gasolio,Trentino-Alto Adige/Südtirol,Large,Tutte,148,0,0.0,0.0
Gasolio,Trentino-Alto Adige/Südtirol,Majors,Autostradale,14,6,42.857142857142854,42.857142857142854
Gasolio,Trentino-Alto Adige/Südtirol,Majors,Stradale,378,108,28.57142857142857,28.57142857142857
Gasolio,Trentino-Alto Adige/Südtirol,Majors,Tutte,392,114,29.081632653061224,29.081632653061224
Gasolio,Trentino-Alto Adige/Südtirol,Pompe Bianche,Autostradale,6,1,16.666666666666664,16.666666666666664
Gasolio,Trentino-Alto Adige/Südtirol,Pompe Bianche,Stradale,168,1,0.5952380952380952,0.5952380952380952
Gasolio,Trentino-Alto Adige/Südtirol,Pompe Bianche,Tutte,174,2,1.1494252873563218,1.1494252873563218
Gasolio,Trentino-Alto Adige/Südtirol,Tutte,Autostradale,32,7,21.875,21.875
Gasolio,Trentino-Alto Adige/Südtirol,Tutte,Stradale,682,109,15.982404692082111,15.98240469208211
Gasolio,Trentino-Alto Adige/Südtirol,Tutte,Tutte,714,116,16.246498599439775,16.246498599439775
Gasolio,Umbria,Large,Autostradale,2,0,0.0,0.0
Gasolio,Umbria,Large,Stradale,134,0,0.0,0.0
Gasolio,Umbria,Large,Tutte,136,0,0.0,0.0
Gasolio,Umbria,Majors,Autostradale,6,3,50.0,49.99999999999999
Gasolio,Umbria,Majors,Stradale,444,90,20.27027027027027,20.27027027027027
Gasolio,Umbria,Majors,Tutte,450,93,20.666666666666668,20.666666666666664
Gasolio,Umbria,Pompe Bianche,Stradale,226,20,8.849557522123893,8.849557522123895
Gasolio,Umbria,Pompe Bianche,Tutte,226,20,8.849557522123893,8.849557522123895
Gasolio,Umbria,Tutte,Autostradale,8,3,37.5,37.5
Gasolio,Umbria,Tutte,Stradale,804,110,13.681592039800993,13.681592039800993
Gasolio,Umbria,Tutte,Tutte,812,113,13.916256157635468,13.916256157635468
Gasolio,Valle d'Aosta,Large,Stradale,28,0,0.0,0.0
Gasolio,Valle d'Aosta,Large,Tutte,28,0,0.0,0.0
Gasolio,Valle d'Aosta,Majors,Autostradale,6,3,50.0,49.99999999999999
Gasolio,Valle d'Aosta,Majors,Stradale,46,15,32.608695652173914,32.608695652173914
Gasolio,Valle d'Aosta,Majors,Tutte,52,18,34.61538461538461,34.61538461538461
Gasolio,Valle d'Aosta,Pompe Bianche,Autostradale,2,0,0.0,0.0
Gasolio,Valle d'Aosta,Pompe Bianche,Stradale,52,0,0.0,0.0
Gasolio,Valle d'Aosta,Pompe Bianche,Tutte,54,0,0.0,0.0
Gasolio,Valle d'Aosta,Tutte,Autostradale,8,3,37.5,37.5
Gasolio,Valle d'Aosta,Tutte,Stradale,126,15,11.904761904761903,11.904761904761905
Gasolio,Valle d'Aosta,Tutte,Tutte,134,18,13.432835820895523,13.432835820895521
Gasolio,Veneto,Large,Autostradale,18,5,27.77777777777778,27.777777777777775
Gasolio,Veneto,Large,Stradale,513,9,1.7543859649122806,1.7509727626459144
Gasolio,Veneto,Large,Tutte,531,14,2.6365348399246704,2.632997588310398
Gasolio,Veneto,Majors,Autostradale,42,19,45.23809523809524,45.23809523809524
Gasolio,Veneto,Majors,Stradale,1345,443,32.9368029739777,32.921287943111864
Gasolio,Veneto,Majors,Tutte,1387,462,33.30930064888248,33.294555268618666
Gasolio,Veneto,Pompe Bianche,Autostradale,12,0,0.0,0.0
Gasolio,Veneto,Pompe Bianche,Stradale,1472,34,2.309782608695652,2.307756209675186
Gasolio,Veneto,Pompe Bianche,Tutte,1484,34,2.2911051212938007,2.289111327858937
Gasolio,Veneto,Tutte,Autostradale,72,24,33.33333333333333,33.333333333333336
Gasolio,Veneto,Tutte,Stradale,3330,486,14.594594594594595,14.583361138956816
Gasolio,Veneto,Tutte,Tutte,3402,510,14.991181657848324,14.980280963863581
Gasolio,Tutte,Large,Autostradale,237,5,2.109704641350211,2.111522575131748
Gasolio,Tutte,Large,Stradale,6868,74,1.0774606872451953,1.0771816670591527
Gasolio,Tutte,Large,Tutte,7105,79,1.111893033075299,1.1116657752421704
Gasolio,Tutte,Majors,Autostradale,605,200,33.057851239669425,33.04428124931698
Gasolio,Tutte,Majors,Stradale,19393,4804,24.77182488526788,24.746116966015556
Gasolio,Tutte,Majors,Tutte,19998,5004,25.02250225022502,24.997171426138934
Gasolio,Tutte,Pompe Bianche,Autostradale,200,4,2.0,2.0
Gasolio,Tutte,Pompe Bianche,Stradale,12927,455,3.5197648332946545,3.5177257325263582
Gasolio,Tutte,Pompe Bianche,Tutte,13127,459,3.4966100403748,3.4945837945550893
Gasolio,Tutte,Tutte,Autostradale,1042,209,20.057581573896353,20.057581573896353
Gasolio,Tutte,Tutte,Stradale,39188,5333,13.608757782994793,13.596588049149402
Gasolio,Tutte,Tutte,Tutte,40230,5542,13.775789212030823,13.764038206201455
