fuel,canonical_name,tipo_impianto,gestore_top1,n_obs,n_below,pct_below_pooled,pct_below_daily_mean,n_top1_obs,share_top1_pct
Benzina,Agip Eni,Autostradale,altri,150,119,79.33333333333333,79.33333333333333,62,29.245283018867923
Benzina,Agip Eni,Autostradale,top1,62,52,83.87096774193549,83.87096774193549,62,29.245283018867923
Benzina,Agip Eni,Autostradale,Tutte,212,171,80.66037735849056,80.66037735849056,62,29.245283018867923
Benzina,Agip Eni,Stradale,altri,6008,3602,59.953395472703065,59.86933441135325,1472,19.67914438502674
Benzina,Agip Eni,Stradale,top1,1472,775,52.64945652173913,52.45676931512109,1472,19.67914438502674
Benzina,Agip Eni,Stradale,Tutte,7480,4377,58.51604278074867,58.41411808375191,1472,19.67914438502674
Benzina,Agip Eni,Tutte,altri,6158,3721,60.425462812601495,60.344564241785775,1534,19.942797711908476
Benzina,Agip Eni,Tutte,top1,1534,827,53.91134289439374,53.73138641463249,1534,19.942797711908476
Benzina,Agip Eni,Tutte,Tutte,7692,4548,59.12636505460218,59.02883360448958,1534,19.942797711908476
Benzina,Api-Ip,Autostradale,altri,152,1,0.6578947368421052,0.6578947368421052,36,19.148936170212767
Benzina,Api-Ip,Autostradale,top1,36,16,44.44444444444444,44.44444444444444,36,19.148936170212767
Benzina,Api-Ip,Autostradale,Tutte,188,17,9.042553191489363,9.042553191489363,36,19.148936170212767
Benzina,Api-Ip,Stradale,altri,5337,51,0.9555930297920181,0.955127737021267,1450,21.36437306615589
Benzina,Api-Ip,Stradale,top1,1450,314,21.655172413793103,21.655172413793103,1450,21.36437306615589
Benzina,Api-Ip,Stradale,Tutte,6787,365,5.377928392515102,5.372873687784554,1450,21.36437306615589
Benzina,Api-Ip,Tutte,altri,5489,52,0.9473492439424303,0.94688611716949,1486,21.304659498207883
Benzina,Api-Ip,Tutte,top1,1486,330,22.207267833109018,22.207267833109018,1486,21.304659498207883
Benzina,Api-Ip,Tutte,Tutte,6975,382,5.476702508960574,5.471672113399028,1486,21.304659498207883
Benzina,Esso,Autostradale,altri,116,6,5.172413793103448,5.172413793103448,0,0.0
Benzina,Esso,Autostradale,Tutte,116,6,5.172413793103448,5.172413793103448,0,0.0
Benzina,Esso,Stradale,altri,3658,28,0.7654455986878075,0.7651767885114371,163,4.265898979324785
Benzina,Esso,Stradale,top1,163,11,6.748466257668712,6.744956338452273,163,4.265898979324785
Benzina,Esso,Stradale,Tutte,3821,39,1.020675215912065,1.0205588477839787,163,4.265898979324785
Benzina,Esso,Tutte,altri,3774,34,0.9009009009009009,0.900620315617305,163,4.1402082804165605
Benzina,Esso,Tutte,top1,163,11,6.748466257668712,6.744956338452273,163,4.1402082804165605
Benzina,Esso,Tutte,Tutte,3937,45,1.143002286004572,1.1428797788485756,163,4.1402082804165605
Benzina,Pompe Bianche,Autostradale,altri,112,2,1.7857142857142856,1.7857142857142856,0,0.0
Benzina,Pompe Bianche,Autostradale,Tutte,112,2,1.7857142857142856,1.7857142857142856,0,0.0
Benzina,Pompe Bianche,Stradale,altri,12655,346,2.7340971947846704,2.7319806987135236,301,2.323247916023464
Benzina,Pompe Bianche,Stradale,top1,301,0,0.0,0.0,301,2.323247916023464
Benzina,Pompe Bianche,Stradale,Tutte,12956,346,2.670577338684779,2.668470420361669,301,2.323247916023464
Benzina,Pompe Bianche,Tutte,altri,12767,348,2.7257773948460873,2.723669621835562,301,2.303336394245485
Benzina,Pompe Bianche,Tutte,top1,301,0,0.0,0.0,301,2.303336394245485
Benzina,Pompe Bianche,Tutte,Tutte,13068,348,2.6629935720844813,2.6608944808110517,301,2.303336394245485
Benzina,Q8,Autostradale,altri,160,0,0.0,0.0,4,2.4390243902439024
Benzina,Q8,Autostradale,top1,4,0,0.0,0.0,4,2.4390243902439024
Benzina,Q8,Autostradale,Tutte,164,0,0.0,0.0,4,2.4390243902439024
Benzina,Q8,Stradale,altri,2285,10,0.437636761487965,0.43752260009928723,2862,55.605206916650474
Benzina,Q8,Stradale,top1,2862,8,0.2795248078266946,0.2787456445993031,2862,55.605206916650474
Benzina,Q8,Stradale,Tutte,5147,18,0.3497182824946571,0.3493046521207114,2862,55.605206916650474
Benzina,Q8,Tutte,altri,2445,10,0.408997955010225,0.4088323854131817,2866,53.963472039163996
Benzina,Q8,Tutte,top1,2866,8,0.2791346824842987,0.2783576896311761,2866,53.963472039163996
Benzina,Q8,Tutte,Tutte,5311,18,0.33891922425155335,0.3384603690660241,2866,53.963472039163996
Benzina,Shell,Stradale,altri,158,0,0.0,0.0,150,48.701298701298704
Benzina,Shell,Stradale,top1,150,0,0.0,0.0,150,48.701298701298704
Benzina,Shell,Stradale,Tutte,308,0,0.0,0.0,150,48.701298701298704
Benzina,Shell,Tutte,altri,158,0,0.0,0.0,150,48.701298701298704
Benzina,Shell,Tutte,top1,150,0,0.0,0.0,150,48.701298701298704
Benzina,Shell,Tutte,Tutte,308,0,0.0,0.0,150,48.701298701298704
Benzina,Tamoil,Autostradale,altri,72,0,0.0,0.0,16,18.181818181818183
Benzina,Tamoil,Autostradale,top1,16,0,0.0,0.0,16,18.181818181818183
Benzina,Tamoil,Autostradale,Tutte,88,0,0.0,0.0,16,18.181818181818183
Benzina,Tamoil,Stradale,altri,1574,9,0.5717916137229987,0.5717916137229987,1238,44.02560455192034
Benzina,Tamoil,Stradale,top1,1238,8,0.6462035541195477,0.6462035541195477,1238,44.02560455192034
Benzina,Tamoil,Stradale,Tutte,2812,17,0.604551920341394,0.604551920341394,1238,44.02560455192034
Benzina,Tamoil,Tutte,altri,1646,9,0.5467800729040098,0.5467800729040097,1254,43.24137931034483
Benzina,Tamoil,Tutte,top1,1254,8,0.6379585326953748,0.6379585326953748,1254,43.24137931034483
Benzina,Tamoil,Tutte,Tutte,2900,17,0.5862068965517242,0.5862068965517242,1254,43.24137931034483
Benzina,Tutte,Autostradale,altri,762,128,16.79790026246719,16.789060347203087,118,13.40909090909091
Benzina,Tutte,Autostradale,top1,118,68,57.6271186440678,57.62711864406779,118,13.40909090909091
Benzina,Tutte,Autostradale,Tutte,880,196,22.272727272727273,22.25941249696538,118,13.40909090909091
Benzina,Tutte,Stradale,altri,31675,4046,12.773480662983424,12.762859369194924,7636,19.424588537559462
Benzina,Tutte,Stradale,top1,7636,1116,14.614981665793609,14.590540283287286,7636,19.424588537559462
Benzina,Tutte,Stradale,Tutte,39311,5162,13.131184655694335,13.118114144637385,7636,19.424588537559462
Benzina,Tutte,Tutte,altri,32437,4174,12.868021087030243,12.857366343794443,7754,19.292876514642582
Benzina,Tutte,Tutte,top1,7754,1184,15.269538302811453,15.24523187954558,7754,19.292876514642582
Benzina,Tutte,Tutte,Tutte,40191,5358,13.331342837948796,13.318239638253115,7754,19.292876514642582
Gasolio,Agip Eni,Autostradale,altri,164,131,79.8780487804878,79.8780487804878,62,27.43362831858407
Gasolio,Agip Eni,Autostradale,top1,62,52,83.87096774193549,83.87096774193549,62,27.43362831858407
Gasolio,Agip Eni,Autostradale,Tutte,226,183,80.97345132743364,80.97345132743362,62,27.43362831858407
Gasolio,Agip Eni,Stradale,altri,5994,3615,60.310310310310314,60.21561295080522,1472,19.716046075542458
Gasolio,Agip Eni,Stradale,top1,1472,777,52.785326086956516,52.59264113777883,1472,19.716046075542458
Gasolio,Agip Eni,Stradale,Tutte,7466,4392,58.82668095365658,58.715341677463705,1472,19.716046075542458
Gasolio,Agip Eni,Tutte,altri,6158,3746,60.8314387788243,60.74063095981502,1534,19.942797711908476
Gasolio,Agip Eni,Tutte,top1,1534,829,54.04172099087353,53.861766505745564,1534,19.942797711908476
Gasolio,Agip Eni,Tutte,Tutte,7692,4575,59.477379095163805,59.37115405989302,1534,19.942797711908476
Gasolio,Api-Ip,Autostradale,altri,151,1,0.6622516556291391,0.6666666666666667,36,19.25133689839572
Gasolio,Api-Ip,Autostradale,top1,36,16,44.44444444444444,44.44444444444444,36,19.25133689839572
Gasolio,Api-Ip,Autostradale,Tutte,187,17,9.090909090909092,9.13978494623656,36,19.25133689839572
Gasolio,Api-Ip,Stradale,altri,5335,70,1.3120899718837862,1.3115511617945164,1450,21.370670596904937
Gasolio,Api-Ip,Stradale,top1,1450,314,21.655172413793103,21.655172413793103,1450,21.370670596904937
Gasolio,Api-Ip,Stradale,Tutte,6785,384,5.659543109801032,5.654440108144517,1450,21.370670596904937
Gasolio,Api-Ip,Tutte,altri,5486,71,1.2942034269048486,1.2937464447291616,1486,21.313826735513484
Gasolio,Api-Ip,Tutte,top1,1486,330,22.207267833109018,22.207267833109018,1486,21.313826735513484
Gasolio,Api-Ip,Tutte,Tutte,6972,401,5.751577739529547,5.747224758802675,1486,21.313826735513484
Gasolio,Esso,Autostradale,altri,136,5,3.6764705882352944,3.6764705882352944,0,0.0
Gasolio,Esso,Autostradale,Tutte,136,5,3.6764705882352944,3.6764705882352944,0,0.0
Gasolio,Esso,Stradale,altri,3654,43,1.176792556102901,1.176568218367802,159,4.169944925255704
Gasolio,Esso,Stradale,top1,159,9,5.660377358490567,5.626780626780627,159,4.169944925255704
Gasolio,Esso,Stradale,Tutte,3813,52,1.3637555730396014,1.3631388909675972,159,4.169944925255704
Gasolio,Esso,Tutte,altri,3790,48,1.2664907651715038,1.266268340172608,159,4.026335781210433
Gasolio,Esso,Tutte,top1,159,9,5.660377358490567,5.626780626780627,159,4.026335781210433
Gasolio,Esso,Tutte,Tutte,3949,57,1.4434033932641175,1.442796521046805,159,4.026335781210433
Gasolio,Pompe Bianche,Autostradale,altri,200,4,2.0,2.0,0,0.0
Gasolio,Pompe Bianche,Autostradale,Tutte,200,4,2.0,2.0,0,0.0
Gasolio,Pompe Bianche,Stradale,altri,12628,455,3.603104212860311,3.601068927652934,299,2.3129883190222014
Gasolio,Pompe Bianche,Stradale,top1,299,0,0.0,0.0,299,2.3129883190222014
Gasolio,Pompe Bianche,Stradale,Tutte,12927,455,3.5197648332946545,3.5177257325263582,299,2.3129883190222014
Gasolio,Pompe Bianche,Tutte,altri,12828,459,3.578110383536015,3.57608939151511,299,2.2777481526624515
Gasolio,Pompe Bianche,Tutte,top1,299,0,0.0,0.0,299,2.2777481526624515
Gasolio,Pompe Bianche,Tutte,Tutte,13127,459,3.4966100403748,3.4945837945550893,299,2.2777481526624515
Gasolio,Q8,Autostradale,altri,188,0,0.0,0.0,4,2.083333333333333
Gasolio,Q8,Autostradale,top1,4,0,0.0,0.0,4,2.083333333333333
Gasolio,Q8,Autostradale,Tutte,192,0,0.0,0.0,4,2.083333333333333
Gasolio,Q8,Stradale,altri,2287,19,0.8307826847398339,0.8307637244645119,2855,55.52314274601322
Gasolio,Q8,Stradale,top1,2855,9,0.31523642732049034,0.31522419759774967,2855,55.52314274601322
Gasolio,Q8,Stradale,Tutte,5142,28,0.544535200311163,0.5445201541896871,2855,55.52314274601322
Gasolio,Q8,Tutte,altri,2475,19,0.7676767676767676,0.7676289209117907,2859,53.599550056242975
Gasolio,Q8,Tutte,top1,2859,9,0.3147953830010493,0.31478318742139594,2859,53.599550056242975
Gasolio,Q8,Tutte,Tutte,5334,28,0.5249343832020997,0.5249065604181706,2859,53.599550056242975
Gasolio,Shell,Stradale,altri,156,0,0.0,0.0,150,49.01960784313725
Gasolio,Shell,Stradale,top1,150,0,0.0,0.0,150,49.01960784313725
Gasolio,Shell,Stradale,Tutte,306,0,0.0,0.0,150,49.01960784313725
Gasolio,Shell,Tutte,altri,156,0,0.0,0.0,150,49.01960784313725
Gasolio,Shell,Tutte,top1,150,0,0.0,0.0,150,49.01960784313725
Gasolio,Shell,Tutte,Tutte,306,0,0.0,0.0,150,49.01960784313725
Gasolio,Tamoil,Autostradale,altri,85,0,0.0,0.0,16,15.841584158415841
Gasolio,Tamoil,Autostradale,top1,16,0,0.0,0.0,16,15.841584158415841
Gasolio,Tamoil,Autostradale,Tutte,101,0,0.0,0.0,16,15.841584158415841
Gasolio,Tamoil,Stradale,altri,1554,13,0.8365508365508365,0.8365508365508365,1195,43.47035285558385
Gasolio,Tamoil,Stradale,top1,1195,9,0.7531380753138075,0.7530685758782766,1195,43.47035285558385
Gasolio,Tamoil,Stradale,Tutte,2749,22,0.8002910149145145,0.8002381897578404,1195,43.47035285558385
Gasolio,Tamoil,Tutte,altri,1639,13,0.7931665649786455,0.7932785371809762,1211,42.49122807017544
Gasolio,Tamoil,Tutte,top1,1211,9,0.7431874483897605,0.7431197665221068,1211,42.49122807017544
Gasolio,Tamoil,Tutte,Tutte,2850,22,0.7719298245614036,0.7719298245614035,1211,42.49122807017544
Gasolio,Tutte,Autostradale,altri,924,141,15.259740259740258,15.259740259740258,118,11.324376199616124
Gasolio,Tutte,Autostradale,top1,118,68,57.6271186440678,57.62711864406779,118,11.324376199616124
Gasolio,Tutte,Autostradale,Tutte,1042,209,20.057581573896353,20.057581573896353,118,11.324376199616124
Gasolio,Tutte,Stradale,altri,31608,4215,13.335231586940017,13.325148867435194,7580,19.342655915076044
Gasolio,Tutte,Stradale,top1,7580,1118,14.74934036939314,14.72811594267472,7580,19.342655915076044
Gasolio,Tutte,Stradale,Tutte,39188,5333,13.608757782994793,13.596588049149402,7580,19.342655915076044
Gasolio,Tutte,Tutte,altri,32532,4356,13.389893028402803,13.3802435220694,7698,19.13497390007457
Gasolio,Tutte,Tutte,top1,7698,1186,15.406599116653677,15.385495483728565,7698,19.13497390007457
Gasolio,Tutte,Tutte,Tutte,40230,5542,13.775789212030823,13.764038206201455,7698,19.13497390007457
