fuel,canonical_name,n_top1_obs,n_top1_below,pct_below_top1,n_altri_obs,n_altri_below,pct_below_altri,delta_top1_altri_pp
Benzina,Api-Ip,5950,2696,45.3109243697479,21937,5160,23.521903633131238,21.789020736616663
Benzina,Q8,11495,5761,50.11744236624619,9776,3203,32.7639116202946,17.353530745951588
Benzina,Shell,600,50,8.333333333333332,636,10,1.5723270440251573,6.761006289308175
Benzina,Tamoil,5016,1662,33.133971291866025,6553,1924,29.360598199298032,3.7733730925679936
Benzina,Agip Eni,6162,5443,88.33171048360921,24689,21611,87.53290939284702,0.798801090762197
Benzina,Esso,1139,72,6.321334503950834,14586,2062,14.136843548608255,-7.8155090446574205
Benzina,Pompe Bianche,1208,4,0.33112582781456956,51208,7638,14.915638181534135,-14.584512353719566
Gasolio,Api-Ip,5950,2547,42.806722689075634,21934,5262,23.99015227500684,18.816570414068796
Gasolio,Q8,11444,5736,50.122334847955266,9896,3248,32.821341956346004,17.300992891609262
Gasolio,Shell,600,43,7.166666666666667,628,11,1.7515923566878981,5.415074309978769
Gasolio,Tamoil,4847,1617,33.36084175778832,6524,1877,28.770692826486815,4.590148931301506
Gasolio,Agip Eni,6162,5451,88.46153846153845,24690,21665,87.74807614418792,0.7134623173505332
Gasolio,Esso,1139,76,6.672519754170326,14647,2019,13.784392708404452,-7.111872954234126
Gasolio,Pompe Bianche,1197,4,0.3341687552213868,51338,8493,16.543301258327165,-16.209132503105778
