date,fuel,n_total,cell_mean,cell_sd,n_removed,share_removed_pct
2026-07-01,Benzina,20390,1.8087968612064738,0.055825533545596,127,0.622854340362923
2026-07-01,Gasolio,20374,1.8879608815156572,0.06105824958647763,226,1.1092568960439777
2026-07-02,Benzina,20273,1.8069906279287722,0.05570558309478027,125,0.6165836334040349
2026-07-02,Gasolio,20257,1.8861430616576984,0.060786418023107504,219,1.081107765216962
2026-07-03,Benzina,20402,1.8066630232330163,0.05552191123830198,131,0.6420939123615332
2026-07-03,Gasolio,20386,1.8854865594035124,0.05970321941487084,229,1.123319925439027
2026-07-04,Benzina,20395,1.8225830840892376,0.05920035027919114,106,0.5197352292228488
2026-07-04,Gasolio,20380,1.9024808145240433,0.06291723697366043,206,1.0107948969578018
2026-07-05,Benzina,20394,1.8436531332744925,0.05495699663084811,116,0.5687947435520252
2026-07-05,Gasolio,20380,1.9244454367026498,0.05922543298734162,207,1.015701668302257
2026-07-06,Benzina,20381,1.846794956086551,0.05391438444353874,124,0.6084097934350621
2026-07-06,Gasolio,20367,1.9276596946040165,0.05826214869285519,212,1.0408994942799625
2026-07-07,Benzina,20388,1.8542103197959583,0.05103064044496246,158,0.7749656660780851
2026-07-07,Gasolio,20329,1.9373389246888681,0.05599109742973378,215,1.0576024398642334
2026-07-08,Benzina,20404,1.857272299549108,0.050255697266716394,166,0.8135659674573612
2026-07-08,Gasolio,20389,1.9440135367109714,0.05538332995051051,223,1.0937270096620728
2026-07-09,Benzina,20404,1.8601147814154086,0.05034306322811698,166,0.8135659674573612
2026-07-09,Gasolio,20389,1.9491869145127276,0.05546514152250794,213,1.0446809554171366
2026-07-10,Benzina,20405,1.8709227640284243,0.052193663484612116,166,0.8135260965449644
2026-07-10,Gasolio,20391,1.9706161541856704,0.05981807577355002,190,0.9317836300328576
2026-07-11,Benzina,20397,1.879481296269059,0.05012042084157563,184,0.9020934451144775
2026-07-11,Gasolio,20381,1.9868479956822531,0.05839718202138214,202,0.991119179628085
2026-07-12,Benzina,20402,1.8808527105185766,0.04974389209737642,183,0.8969708852073327
2026-07-12,Gasolio,20386,1.9895776513293435,0.05777709723007763,201,0.9859707642499755
2026-07-13,Benzina,20397,1.8814177084865422,0.049687053160749284,183,0.8971907633475511
2026-07-13,Gasolio,20380,1.990732237487733,0.0574307553839088,200,0.9813542688910697
2026-07-14,Benzina,20379,1.886349182982482,0.049109751089480076,191,0.937239314981108
2026-07-14,Gasolio,20364,1.9981168238067177,0.05607639916793014,202,0.9919465723826361
2026-07-15,Benzina,20293,1.8989918198393536,0.050313497109918524,169,0.8327994875080076
2026-07-15,Gasolio,20277,2.018085564925778,0.05939351472078844,189,0.9320905459387484
2026-07-16,Benzina,20343,1.912079880057022,0.050694762663451354,173,0.8504153762965148
2026-07-16,Gasolio,20327,2.0408239779603483,0.0626270304822173,172,0.8461651989964087
2026-07-17,Benzina,20292,1.9220902818844867,0.05129011114855089,187,0.921545436625271
2026-07-17,Gasolio,20274,2.059893065009372,0.06418222166080438,163,0.8039854000197297
2026-07-18,Benzina,20347,1.9327409446109993,0.05166931157588875,181,0.889566029390082
2026-07-18,Gasolio,20317,2.0825097209233645,0.06599907869035648,165,0.8121277747698972
2026-07-19,Benzina,20356,1.9357591864806445,0.051658299271958766,190,0.9333857339359403
2026-07-19,Gasolio,20344,2.089395497443964,0.06563579289181173,169,0.8307117577664176
2026-07-20,Benzina,20354,1.9367083619927288,0.051315677131275717,190,0.9334774491500442
2026-07-20,Gasolio,20342,2.0913379707010127,0.06575831740189422,171,0.8406253072460919
2026-07-21,Benzina,20353,1.9435195794231808,0.05149683542648619,197,0.9679162776986194
2026-07-21,Gasolio,20293,2.1080220273000543,0.06646519150010122,172,0.8475829103631795
2026-07-22,Benzina,20333,1.949915457630453,0.051413954633425414,208,1.022967589632617
2026-07-22,Gasolio,20327,2.124567816205048,0.06622001093879151,172,0.8461651989964087
2026-07-23,Benzina,20327,1.9577542185270824,0.05092748454682544,221,1.0872238894081763
2026-07-23,Gasolio,20314,2.1416645170818156,0.06697743351606784,171,0.8417839913360246
2026-07-24,Benzina,20171,1.9688277725447423,0.05152959962172288,227,1.125378017946557
2026-07-24,Gasolio,20163,2.160553092297773,0.06911957909592661,185,0.9175221941179389
2026-07-25,Benzina,20346,1.980047085422196,0.05126043109577921,238,1.1697630983977196
2026-07-25,Gasolio,20338,2.179207788376438,0.07119672042501854,195,0.9587963418231881
2026-07-26,Benzina,20346,1.9822041187456996,0.05100126169770616,238,1.1697630983977196
2026-07-26,Gasolio,20339,2.1832886080928264,0.07132478111530025,197,0.9685825261812282
2026-07-27,Benzina,20335,1.9831366117531348,0.05060424039436941,243,1.194984017703467
2026-07-27,Gasolio,20328,2.185043880362062,0.0713605595292312,202,0.9937032664305392
2026-07-28,Benzina,20340,1.9865539331366764,0.050724096454509114,239,1.175024582104228
2026-07-28,Gasolio,20286,2.1803584738243122,0.08740597544883978,140,0.6901311249137336
2026-07-29,Benzina,20328,1.9874497737111374,0.05031058782849669,246,1.2101534828807556
2026-07-29,Gasolio,20289,2.075463305239292,0.09804337256903031,126,0.6210261718172408
2026-07-30,Benzina,20306,1.9896939328277357,0.050286484262758904,245,1.2065399389343052
2026-07-30,Gasolio,20299,2.0677059461057192,0.08131405447602985,159,0.7832898172323759
2026-07-31,Benzina,20337,1.9959190637753847,0.05026240877031394,244,1.19978364557211
2026-07-31,Gasolio,20283,2.082185771335601,0.0733773062382527,175,0.8627915002711631
2026-08-01,Benzina,20336,1.998593872934697,0.05017212703073004,215,1.0572383949645947
2026-08-01,Gasolio,20313,2.0934888002756855,0.06838935634833819,180,0.8861320336730172
2026-08-02,Benzina,20352,1.9992433667452831,0.05007393855212776,217,1.0662342767295596
2026-08-02,Gasolio,20342,2.097457182184643,0.06662814775701352,180,0.8848687444695703
2026-08-03,Benzina,20349,1.999500024571232,0.050092024245001775,232,1.1401051648729668
2026-08-03,Gasolio,20340,2.098319862340216,0.06647742914148057,182,0.8947885939036381
2026-08-04,Benzina,20344,1.9999701631930793,0.05146342145807762,217,1.0666535587888322
2026-08-04,Gasolio,20333,2.1015569763438746,0.06485267329015443,175,0.8606698470466729
2026-08-05,Benzina,20344,1.9980420271333073,0.05159083512246164,216,1.061738104600865
2026-08-05,Gasolio,20336,2.0986565204563337,0.06426735319941036,178,0.8752950432730133
2026-08-06,Benzina,20347,1.9947518553103651,0.049977173653956146,242,1.1893645254828722
2026-08-06,Gasolio,20337,2.0929769385848456,0.06331341813099811,186,0.9145891724443134
2026-08-07,Benzina,20336,1.9906334087332809,0.050038910879649255,241,1.1850904799370574
2026-08-07,Gasolio,20328,2.0857995867768593,0.06343036188685716,183,0.9002361275088547
2026-08-08,Benzina,20323,1.9873843428627664,0.05044416871123723,236,1.1612458790532894
2026-08-08,Gasolio,20315,2.080273590942653,0.062108838313635596,190,0.9352695052916564
2026-08-09,Benzina,20295,1.9866115792067012,0.04981339925351434,237,1.1677753141167777
2026-08-09,Gasolio,20286,2.078836833284038,0.06167491320076919,189,0.9316770186335404
2026-08-10,Benzina,20285,1.986117180182401,0.04977661619232045,238,1.173280749322159
2026-08-10,Gasolio,20273,2.078033690129729,0.06139497242921258,189,0.9322744537069008
2026-08-11,Benzina,20287,1.983954404298319,0.04974414119431161,237,1.1682358160398285
2026-08-11,Gasolio,20278,2.0750586349738636,0.06067654088647196,184,0.9073873163033829
2026-08-12,Benzina,20291,1.98573697698487,0.049691385295699636,237,1.168005519688532
2026-08-12,Gasolio,20283,2.0774975595326137,0.05990995059847616,181,0.892372923137603
2026-08-13,Benzina,20296,1.9885991821048485,0.04887501007494756,239,1.1775719353567204
2026-08-13,Gasolio,20280,2.0834676528599605,0.058754315318390024,179,0.8826429980276135
2026-08-14,Benzina,20293,1.9904991869117432,0.04952481335270159,239,1.177746020795348
2026-08-14,Gasolio,20286,2.089005915409642,0.058061927658652104,181,0.8922409543527555
2026-08-15,Benzina,20298,1.9926502118435314,0.04955919028873107,239,1.17745590698591
2026-08-15,Gasolio,20291,2.0935942043270415,0.057637193425469746,186,0.9166625597555567
2026-08-16,Benzina,20292,1.9931157599053815,0.04976995776047947,239,1.1778040607135818
2026-08-16,Gasolio,20286,2.0942771862368135,0.05744583430342369,185,0.911958986493148
2026-08-17,Benzina,20288,1.993499211356467,0.04972266655310981,239,1.1780362776025237
2026-08-17,Gasolio,20282,2.095119268316734,0.057390109753311574,185,0.9121388423232423
2026-08-18,Benzina,20247,1.995418531140416,0.04886587987036631,251,1.2396898305921864
2026-08-18,Gasolio,20242,2.1002347100088925,0.05696960927760852,187,0.9238217567434047
2026-08-19,Benzina,20289,1.9985004682340184,0.048926229557972586,249,1.2272660062102618
2026-08-19,Gasolio,20283,2.10806315633782,0.05743207084803717,187,0.9219543460040428
2026-08-20,Benzina,20295,2.002548903670855,0.05163180955013342,205,1.0101010101010102
2026-08-20,Gasolio,20291,2.1167900054211226,0.06073954130891945,176,0.8673796264353655
2026-08-21,Benzina,20295,2.002548903670855,0.05163180955013342,205,1.0101010101010102
2026-08-21,Gasolio,20291,2.1167900054211226,0.06073954130891945,176,0.8673796264353655
2026-08-22,Benzina,20262,2.0091854209850952,0.05011720647586453,222,1.0956470239857863
2026-08-22,Gasolio,20259,2.1288450071573126,0.05881036779663037,189,0.9329187027987561
2026-08-23,Benzina,20314,2.0107031111548688,0.05015030647925626,223,1.0977650881165697
2026-08-23,Gasolio,20311,2.1309605632415933,0.058644382801998206,191,0.940377135542317
2026-08-24,Benzina,20310,2.0112150664697195,0.05007155084802385,223,1.0979812900049237
2026-08-24,Gasolio,20305,2.1319195272100466,0.058525184557716506,194,0.9554296971189362
2026-08-25,Benzina,20310,2.0112150664697195,0.05007155084802385,223,1.0979812900049237
2026-08-25,Gasolio,20305,2.1319195272100466,0.058525184557716506,194,0.9554296971189362
2026-08-26,Benzina,20304,2.0178643124507487,0.05036987517860856,219,1.0786052009456264
2026-08-26,Gasolio,20306,2.1381104599625727,0.05836235645506121,197,0.9701566039594208
2026-08-27,Benzina,20302,2.0167250517190425,0.05045426920543919,218,1.0737858339079893
2026-08-27,Gasolio,20304,2.135293636721828,0.05816076721486289,200,0.9850275807722617
2026-08-28,Benzina,20301,2.0154918969508895,0.05047173228115404,218,1.0738387271562977
2026-08-28,Gasolio,20303,2.132442299167611,0.05827456259403657,200,0.9850760971285032
2026-08-29,Benzina,20300,2.0174800492610836,0.05057883235773197,217,1.0689655172413792
2026-08-29,Gasolio,20302,2.131547729287755,0.05862225433679582,192,0.945719633533642
2026-08-30,Benzina,20298,2.0177614050645385,0.05068538644919012,219,1.0789240319243274
2026-08-30,Gasolio,20301,2.131059898527166,0.05872615884073049,192,0.945766218412886
2026-08-31,Benzina,20279,2.0179582819665662,0.05070070541974096,220,1.0848661176586616
2026-08-31,Gasolio,20280,2.1309219921104536,0.05871461080971739,190,0.9368836291913214
2026-09-01,Benzina,20279,2.0179582819665662,0.05070070541974096,220,1.0848661176586616
2026-09-01,Gasolio,20280,2.1309219921104536,0.05871461080971739,190,0.9368836291913214
2026-09-02,Benzina,20289,2.0284473852826657,0.05109446472854552,214,1.054758736261028
2026-09-02,Gasolio,20292,2.1324387936132463,0.058540323228335044,184,0.9067612852355609
2026-09-03,Benzina,20288,2.0399327188485805,0.05316097791325216,211,1.0400236593059937
2026-09-03,Gasolio,20291,2.1479286875954857,0.060760735020278976,179,0.8821645064314229
2026-09-04,Benzina,20288,2.0399327188485805,0.05316097791325216,211,1.0400236593059937
2026-09-04,Gasolio,20291,2.1479286875954857,0.060760735020278976,179,0.8821645064314229
2026-09-05,Benzina,20288,2.0399327188485805,0.05316097791325216,211,1.0400236593059937
2026-09-05,Gasolio,20291,2.1479286875954857,0.060760735020278976,179,0.8821645064314229
2026-09-06,Benzina,20288,2.0399327188485805,0.05316097791325216,211,1.0400236593059937
2026-09-06,Gasolio,20291,2.1479286875954857,0.060760735020278976,179,0.8821645064314229
2026-09-07,Benzina,20245,2.054997085700173,0.05285204826244031,218,1.0768090886638677
2026-09-07,Gasolio,20249,2.1666312904340956,0.059671160811193676,168,0.8296706010173343
2026-09-08,Benzina,20258,2.058886810149077,0.05292589713676219,217,1.0711817553559089
2026-09-08,Gasolio,20264,2.1702748223450454,0.05953927492477368,173,0.853730754046585
2026-09-09,Benzina,20250,2.068501827160494,0.05357805384520268,218,1.0765432098765433
2026-09-09,Gasolio,20257,2.177871056918596,0.05957880035591433,178,0.8787085945599052
2026-09-10,Benzina,20251,2.0782762826527086,0.05371773195002433,218,1.0764900498740804
2026-09-10,Gasolio,20260,2.185609328726555,0.06050953774404058,177,0.8736426456071076
2026-09-11,Benzina,20243,2.087477350195129,0.05462359471282483,200,0.9879958504174282
2026-09-11,Gasolio,20253,2.1938613044980992,0.06100397575961651,172,0.8492569002123143
2026-09-12,Benzina,20250,2.101290716049383,0.05618734824100969,202,0.9975308641975309
2026-09-12,Gasolio,20257,2.209177370785407,0.06303081840855235,173,0.8540257688700201
2026-09-13,Benzina,20295,2.106109731460951,0.05662549570618715,205,1.0101010101010102
2026-09-13,Gasolio,20304,2.2150081757289204,0.0638207501265745,171,0.8421985815602837
2026-09-14,Benzina,20279,2.1077759751467036,0.05666969165974503,200,0.9862419251442378
2026-09-14,Gasolio,20288,2.217085272082019,0.06398380549997827,171,0.8428627760252365
2026-09-15,Benzina,20254,2.1212943616075837,0.05853100112700223,202,0.9973338599782758
2026-09-15,Gasolio,20260,2.2322452122408687,0.06521512839288836,173,0.8538993089832182
2026-09-16,Benzina,20255,2.1336674401382374,0.05914256076771275,209,1.0318439891384843
2026-09-16,Gasolio,20261,2.2467816001184544,0.06576900728215904,171,0.8439859829228566
2026-09-17,Benzina,20255,2.1336674401382374,0.05914256076771275,209,1.0318439891384843
2026-09-17,Gasolio,20261,2.2467816001184544,0.06576900728215904,171,0.8439859829228566
2026-09-18,Benzina,20286,2.150580449571133,0.060890419564897845,215,1.0598442275460909
2026-09-18,Gasolio,20239,2.2950291022283706,0.07600780014780135,162,0.8004348040911112
2026-09-19,Benzina,20296,2.1545074891604257,0.06121639647126969,208,1.0248324793062673
2026-09-19,Gasolio,20306,2.3308641780754455,0.07602095364381256,182,0.8962868117797695
2026-09-20,Benzina,20301,2.1553506723806706,0.06131206479016592,211,1.0393576671099947
2026-09-20,Gasolio,20308,2.3348591195587947,0.07522163045911741,183,0.9011227102619658
2026-09-21,Benzina,20301,2.1553506723806706,0.06131206479016592,211,1.0393576671099947
2026-09-21,Gasolio,20308,2.3348591195587947,0.07522163045911741,183,0.9011227102619658
2026-09-22,Benzina,20265,2.1567560325684676,0.060503229932500985,225,1.1102886750555145
2026-09-22,Gasolio,20269,2.3412175736346144,0.0738348614300685,206,1.0163303567023534
2026-09-23,Benzina,20298,2.156269731007981,0.0597238724314179,226,1.1134101881958813
2026-09-23,Gasolio,20308,2.340214398266693,0.07262751084240725,213,1.0488477447311404
2026-09-24,Benzina,20277,2.1555825319327315,0.05928967608375758,223,1.099768210287518
2026-09-24,Gasolio,20280,2.339274506903353,0.0717745904544679,210,1.0355029585798818
2026-09-25,Benzina,20290,2.1554118777723015,0.05933357074666269,225,1.1089206505667817
2026-09-25,Gasolio,20297,2.338793910430113,0.07144870859959793,210,1.03463566044243
2026-09-26,Benzina,20289,2.158947262063187,0.05963808333896739,233,1.148405539947755
2026-09-26,Gasolio,20274,2.3575341817105655,0.07613967867657469,206,1.0160797080003945
2026-09-27,Benzina,20289,2.158947262063187,0.05963808333896739,233,1.148405539947755
2026-09-27,Gasolio,20274,2.3575341817105655,0.07613967867657469,206,1.0160797080003945
2026-09-28,Benzina,20286,2.1527992704328107,0.06987496725588921,189,0.9316770186335404
2026-09-28,Gasolio,20291,2.3690528313045194,0.08709069822513033,171,0.8427381597752698
2026-09-29,Benzina,20303,2.126458060385165,0.09132395104786296,137,0.6747771265330247
2026-09-29,Gasolio,20309,2.3353043970653404,0.10630664480098587,127,0.6253385198680388
2026-09-30,Benzina,20284,2.110942072569513,0.09427756351415618,120,0.5915992900808519
2026-09-30,Gasolio,20293,2.3159698418173758,0.10726845052567086,121,0.59626472182526
2026-10-01,Benzina,20284,2.110942072569513,0.09427756351415618,120,0.5915992900808519
2026-10-01,Gasolio,20293,2.3159698418173758,0.10726845052567086,121,0.59626472182526
2026-10-02,Benzina,20277,2.064092321349312,0.09207155529723984,117,0.5770084332001775
2026-10-02,Gasolio,20284,2.2609930980082824,0.09941189811113312,129,0.6359692368369159
2026-10-03,Benzina,20289,2.052766080141949,0.0869732743112397,118,0.5815959386859875
2026-10-03,Gasolio,20296,2.247694126921561,0.09166309584926471,133,0.655301537248719
2026-10-04,Benzina,20290,2.050067619517004,0.08552470517188124,132,0.6505667816658453
2026-10-04,Gasolio,20297,2.2445526925161357,0.089570418491323,136,0.6700497610484307
2026-10-05,Benzina,20289,2.048601458918626,0.08498233295382789,134,0.6604564049484942
2026-10-05,Gasolio,20296,2.2431141111549073,0.0884814496027399,145,0.7144264879779266
