date,fuel,canonical_name,n_obs,n_compliant,pct
2026-09-28,Benzina,Agip Eni,3835,956,24.928292046936114
2026-09-28,Benzina,Api-Ip,3484,16,0.4592422502870264
2026-09-28,Benzina,Esso,1968,13,0.660569105691057
2026-09-28,Benzina,Pompe Bianche,6522,99,1.517939282428703
2026-09-28,Benzina,Q8,2649,4,0.15100037750094375
2026-09-28,Benzina,Shell,154,0,0.0
2026-09-28,Benzina,Tamoil,1450,7,0.4827586206896552
2026-09-28,Gasolio,Agip Eni,3834,971,25.32603025560772
2026-09-28,Gasolio,Api-Ip,3483,24,0.6890611541774333
2026-09-28,Gasolio,Esso,1972,19,0.9634888438133874
2026-09-28,Gasolio,Pompe Bianche,6553,146,2.2279871814436136
2026-09-28,Gasolio,Q8,2665,13,0.4878048780487805
2026-09-28,Gasolio,Shell,153,0,0.0
2026-09-28,Gasolio,Tamoil,1425,9,0.631578947368421
2026-09-29,Benzina,Agip Eni,3857,3592,93.12937516204303
2026-09-29,Benzina,Api-Ip,3491,366,10.48410197651103
2026-09-29,Benzina,Esso,1969,32,1.6251904520060942
2026-09-29,Benzina,Pompe Bianche,6546,249,3.8038496791934002
2026-09-29,Benzina,Q8,2662,14,0.5259203606311045
2026-09-29,Benzina,Shell,154,0,0.0
2026-09-29,Benzina,Tamoil,1450,10,0.6896551724137931
2026-09-29,Gasolio,Agip Eni,3858,3604,93.41627786417833
2026-09-29,Gasolio,Api-Ip,3489,377,10.805388363427916
2026-09-29,Gasolio,Esso,1977,38,1.9221041982802227
2026-09-29,Gasolio,Pompe Bianche,6574,313,4.761180407666565
2026-09-29,Gasolio,Q8,2669,15,0.5620082427875608
2026-09-29,Gasolio,Shell,153,0,0.0
2026-09-29,Gasolio,Tamoil,1425,13,0.9122807017543859
