date,group,n_stations
2026-03-10,Large,4008
2026-03-10,Majors,11398
2026-03-10,Pompe Bianche,8169
2026-03-16,Large,4011
2026-03-16,Majors,11396
2026-03-16,Pompe Bianche,8168
2026-03-23,Large,4010
2026-03-23,Majors,11392
2026-03-23,Pompe Bianche,8171
2026-03-30,Large,4015
2026-03-30,Majors,11402
2026-03-30,Pompe Bianche,8178
2026-04-06,Large,4034
2026-04-06,Majors,11421
2026-04-06,Pompe Bianche,8230
2026-04-13,Large,4039
2026-04-13,Majors,11430
2026-04-13,Pompe Bianche,8201
2026-04-20,Large,4045
2026-04-20,Majors,11431
2026-04-20,Pompe Bianche,8205
2026-04-27,Large,4043
2026-04-27,Majors,11438
2026-04-27,Pompe Bianche,8175
2026-05-04,Large,4046
2026-05-04,Majors,11442
2026-05-04,Pompe Bianche,8183
2026-05-11,Large,4055
2026-05-11,Majors,11438
2026-05-11,Pompe Bianche,8184
2026-05-18,Large,4064
2026-05-18,Majors,11434
2026-05-18,Pompe Bianche,8191
2026-05-25,Large,4065
2026-05-25,Majors,11437
2026-05-25,Pompe Bianche,8199
2026-06-01,Large,4042
2026-06-01,Majors,11432
2026-06-01,Pompe Bianche,8197
2026-06-08,Large,4041
2026-06-08,Majors,11440
2026-06-08,Pompe Bianche,8207
2026-06-15,Large,4156
2026-06-15,Majors,11447
2026-06-15,Pompe Bianche,8213
2026-06-22,Large,4160
2026-06-22,Majors,11446
2026-06-22,Pompe Bianche,8217
2026-06-29,Large,4161
2026-06-29,Majors,11452
2026-06-29,Pompe Bianche,8216
2026-07-06,Large,4167
2026-07-06,Majors,11464
2026-07-06,Pompe Bianche,8221
2026-07-13,Large,4169
2026-07-13,Majors,11458
2026-07-13,Pompe Bianche,8233
2026-07-20,Large,4109
2026-07-20,Majors,11462
2026-07-20,Pompe Bianche,8239
2026-07-27,Large,4105
2026-07-27,Majors,11461
2026-07-27,Pompe Bianche,8246
2026-08-03,Large,4105
2026-08-03,Majors,11469
2026-08-03,Pompe Bianche,8249
2026-08-10,Large,4102
2026-08-10,Majors,11462
2026-08-10,Pompe Bianche,8255
2026-08-17,Large,4100
2026-08-17,Majors,11464
2026-08-17,Pompe Bianche,8257
2026-08-24,Large,4098
2026-08-24,Majors,11468
2026-08-24,Pompe Bianche,8270
2026-08-31,Large,4099
2026-08-31,Majors,11464
2026-08-31,Pompe Bianche,8265
2026-09-07,Large,4101
2026-09-07,Majors,11475
2026-09-07,Pompe Bianche,8262
2026-09-14,Large,4104
2026-09-14,Majors,11480
2026-09-14,Pompe Bianche,8269
2026-09-21,Large,4102
2026-09-21,Majors,11478
2026-09-21,Pompe Bianche,8275
2026-09-28,Large,4101
2026-09-28,Majors,11475
2026-09-28,Pompe Bianche,8275
2026-10-05,Large,4040
2026-10-05,Majors,11456
2026-10-05,Pompe Bianche,8273
