term,coef,exp(coef),se(coef),z,Pr(>|z|)
nn_dist_km,-0.0380502352552515,0.962664579975602,0.00685996306287044,-5.54671138991964,2.91092641807791e-08
cap_dist_km_d0,-0.0267936898266477,0.973562076567254,0.00273531520699435,-9.79546699339616,1.17752022478036e-22
pop_density_cell,1.51670714668753e-06,1.0000015167083,1.9076494543787e-06,0.795065960995181,0.426575133778136
pre_gap_vs_cap,-4.20316802705558,0.0149481455987631,0.0871672168058203,-48.2195965533561,0
n_stations_gestore,0.00048717464235066,1.00048729333119,1.83740794532863e-05,26.5142340104296,6.6425526035305e-155
fuelGasolio,0.00754254727333994,1.00757106393403,0.0138212481692586,0.545721137553711,0.585257639844995
bandiera_gAla,-4.94193907094375,0.00714073854043799,0.250534030028717,-19.7256199901358,1.29954294711341e-86
bandiera_gApi-Ip,-2.92321874135314,0.0537603677956801,0.024548537132975,-119.079142089754,0
bandiera_gAquila,-5.92514132052384,0.00267143013061651,0.577588984175625,-10.2584043028117,1.08484533544903e-24
bandiera_gBeyfin,-5.61554449186621,0.00364082675777794,0.408592843366482,-13.7436193096251,5.56240881167316e-43
bandiera_gCOIL,-2.776400347099,0.0622622268851303,0.128932389403572,-21.5337694425919,7.51643984462545e-103
bandiera_gCONAD,-1.93792792540105,0.144002023790954,0.105366392390219,-18.3922774751937,1.51480959883085e-75
bandiera_gCostantin,-2.11922053900845,0.120125224956283,0.0847123302084269,-25.0166715257898,4.02647123089428e-138
bandiera_gEgo,-5.20274842224257,0.00550142338890961,0.333729073646293,-15.5897368047615,8.54850213562299e-55
bandiera_gEnergas,-1.78215159842342,0.168275695761676,0.0662074807915502,-26.9176772340033,1.36397872788026e-159
bandiera_gEnerpetroli,-2.96878699486497,0.051365579269431,0.14227889491627,-20.8659688888649,1.09160100761354e-96
bandiera_gEsso,-3.63297943564129,0.0264372987197682,0.0364625777649268,-99.6358364749471,0
bandiera_gEuropam,-2.28054957289992,0.102228009531076,0.0629248499629345,-36.2424316346128,1.30762758528261e-287
bandiera_gGiap,-7.2880871290679,0.000683634507395835,0.707320675266011,-10.3037948471208,6.77353223063637e-25
bandiera_gItala Petroli,-3.11147006890033,0.0445354370329162,0.140914597085377,-22.0805376678979,4.8626794261029e-108
bandiera_gKEROPETROL,-17.4679288670578,2.59283501353551e-08,127.073910244095,-0.137462747730859,0.890665036179209
bandiera_gLoro,-6.78582492916153,0.0011296754169447,0.707308493878106,-9.59386885339873,8.48425848693724e-22
bandiera_gLukoil,-3.14492373138181,0.0430702088268788,0.165149279313799,-19.0429152609631,7.52218291634961e-81
bandiera_gOTHER,-3.375613317498,0.034197138175357,0.0340503214248201,-99.1360191694822,0
bandiera_gPetrol Gamma,-3.40624768365855,0.0331654143112452,0.174805845287103,-19.4858912072654,1.44639054408433e-84
bandiera_gPompe Bianche,-3.64126154620324,0.0262192463023374,0.0327188530608851,-111.289400622552,0
bandiera_gQ8,-2.34453772440122,0.0958915201960463,0.0262538890047682,-89.3024924412303,0
bandiera_gRetitalia,-5.15086704248114,0.00579437857583676,0.229983707967007,-22.396660563539,4.24209039407056e-111
bandiera_gSan Marco Petroli,-17.4750019602523,2.57456035521559e-08,144.263661674178,-0.121132388832053,0.90358617547835
bandiera_gShell,-4.64303502826301,0.00962843067775824,0.172286256130709,-26.9495381264799,5.77583350420104e-160
bandiera_gSia fuel,-2.55399336802824,0.0777704789283473,0.11978359605692,-21.3217289520562,7.1372382724453e-101
bandiera_gTamoil,-2.54583498962488,0.0784075551448789,0.0285653353174878,-89.1232314037046,0
bandiera_gToil,-2.73724767606843,0.0647483101981802,0.104274981258511,-26.2502821197585,7.09481598485583e-152
bandiera_gVega,-4.96733108246688,0.00696170347472624,0.22424359063257,-22.1514963636397,1.00911165573404e-108
