provincia_istat,regione,fuel,phase,n_stations,n_obs,mean,sd,p10,p90,iqr,adopter_share,p90_p10
,,Benzina,post,25,250,2.1547359999999998,0.1653179312038172,1.99,2.359,0.19500000000000006,0.296,0.369
,,Benzina,pre,25,175,2.2201657142857143,0.12098893732761284,2.149,2.359,0.04400000000000004,0.0,0.20999999999999996
,,Gasolio,post,24,240,2.3388125000000004,0.13439616331350057,2.19,2.459,0.16000000000000014,0.30833333333333335,0.26900000000000013
,,Gasolio,pre,24,168,2.3939880952380954,0.09225245160692402,2.329,2.459,0.04999999999999982,0.0,0.1299999999999999
AG,Sicilia,Benzina,post,118,1180,2.0881533898305085,0.10147392665962192,1.99,2.199,0.18899999999999983,0.44745762711864406,0.20899999999999985
AG,Sicilia,Benzina,pre,118,825,2.1741672727272725,0.0489593019559524,2.144,2.204,0.03500000000000014,0.0,0.06000000000000005
AG,Sicilia,Gasolio,post,118,1180,2.295279661016949,0.1040102824558384,2.19,2.428,0.20000000000000018,0.47372881355932206,0.238
AG,Sicilia,Gasolio,pre,118,823,2.3760000000000003,0.06065177218834075,2.334,2.428,0.04999999999999982,0.027946537059538274,0.09399999999999986
AL,Piemonte,Benzina,post,186,1859,2.0595777299623452,0.0748020693505754,1.99,2.169,0.1479999999999999,0.4658418504572351,0.17900000000000005
AL,Piemonte,Benzina,pre,186,1302,2.1476090629800306,0.03384360663798393,2.119,2.179,0.040000000000000036,0.01152073732718894,0.05999999999999961
AL,Piemonte,Gasolio,post,186,1859,2.2674185045723507,0.08003312824382314,2.19,2.389,0.14900000000000002,0.4943518020441097,0.19899999999999984
AL,Piemonte,Gasolio,pre,186,1302,2.344515360983103,0.04668396035393426,2.299,2.399,0.06000000000000005,0.01152073732718894,0.10000000000000009
AN,Marche,Benzina,post,207,2066,2.0557986447241046,0.08047224488424247,1.99,2.169,0.12900000000000023,0.4569215876089061,0.17900000000000005
AN,Marche,Benzina,pre,207,1449,2.137134575569358,0.05141322382511274,2.117,2.179,0.03999999999999959,0.01518288474810214,0.06199999999999983
AN,Marche,Gasolio,post,206,2056,2.258523832684825,0.09540475647601321,2.19,2.379,0.129,0.48686770428015563,0.18900000000000006
AN,Marche,Gasolio,pre,206,1440,2.326704861111111,0.07647273318029198,2.295,2.389,0.06000000000000005,0.015277777777777777,0.09399999999999986
AO,Valle d'Aosta/Vallée d'Aoste,Benzina,post,63,629,2.0646724960254375,0.08407958519632049,1.99,2.189,0.15900000000000003,0.4578696343402226,0.19900000000000007
AO,Valle d'Aosta/Vallée d'Aoste,Benzina,pre,63,438,2.159321917808219,0.026849253282085636,2.129,2.199,0.02200000000000024,0.0,0.06999999999999984
AO,Valle d'Aosta/Vallée d'Aoste,Gasolio,post,63,628,2.2823375796178342,0.09510572001440991,2.19,2.407,0.19700000000000006,0.47770700636942676,0.21700000000000008
AO,Valle d'Aosta/Vallée d'Aoste,Gasolio,pre,63,438,2.3657602739726027,0.03971217466219587,2.329,2.41,0.04499999999999993,0.0,0.08099999999999996
AP,Marche,Benzina,post,89,888,2.0625202702702703,0.0978694436431772,1.99,2.189,0.1489999999999998,0.46959459459459457,0.19900000000000007
AP,Marche,Benzina,pre,89,622,2.1412604501607717,0.0755308407333747,2.099,2.199,0.04999999999999982,0.05627009646302251,0.09999999999999964
AP,Marche,Gasolio,post,89,887,2.2625355129650506,0.08931139017284857,2.19,2.399,0.129,0.5152198421645998,0.20900000000000007
AP,Marche,Gasolio,pre,89,618,2.325584142394822,0.0695982465524049,2.259,2.399,0.06000000000000005,0.06310679611650485,0.14000000000000012
AQ,Abruzzo,Benzina,post,122,1214,2.070161449752883,0.08965221966699323,1.99,2.179,0.15400000000000014,0.45799011532125206,0.18899999999999983
AQ,Abruzzo,Benzina,pre,122,852,2.1488849765258213,0.051509604910169864,2.109,2.199,0.04999999999999982,0.017605633802816902,0.08999999999999986
AQ,Abruzzo,Gasolio,post,122,1214,2.2721029654036244,0.09464662497188914,2.19,2.399,0.14400000000000013,0.4958813838550247,0.20900000000000007
AQ,Abruzzo,Gasolio,pre,122,852,2.356919014084507,0.06453067855448698,2.299,2.42,0.040000000000000036,0.017605633802816902,0.121
AR,Toscana,Benzina,post,136,1360,2.0759669117647057,0.08129388501155291,1.99,2.179,0.1649999999999998,0.40441176470588236,0.18899999999999983
AR,Toscana,Benzina,pre,136,951,2.1622218717139856,0.031781858199266155,2.129,2.199,0.0349999999999997,0.0031545741324921135,0.06999999999999984
AR,Toscana,Gasolio,post,136,1358,2.2889484536082474,0.08671093267324778,2.19,2.399,0.18500000000000005,0.43151693667157587,0.20900000000000007
AR,Toscana,Gasolio,pre,136,945,2.3618539682539685,0.045011813981460744,2.319,2.41,0.03999999999999959,0.010582010582010581,0.09100000000000019
AT,Piemonte,Benzina,post,109,1090,2.0618605504587153,0.07943168662967798,1.989,2.159,0.1489999999999998,0.44954128440366975,0.1699999999999997
AT,Piemonte,Benzina,pre,109,763,2.1283853211009176,0.051232022204943,2.079,2.179,0.05999999999999961,0.010484927916120577,0.09999999999999964
AT,Piemonte,Gasolio,post,109,1090,2.271211926605505,0.09814388551255952,2.189,2.399,0.16500000000000004,0.4834862385321101,0.20999999999999996
AT,Piemonte,Gasolio,pre,109,763,2.335191349934469,0.06913577936257248,2.289,2.399,0.06500000000000039,0.010484927916120577,0.10999999999999988
AV,Campania,Benzina,post,174,1740,2.098253448275862,0.09137718665576039,1.99,2.199,0.16999999999999993,0.3132183908045977,0.20899999999999985
AV,Campania,Benzina,pre,174,1207,2.1672377796188895,0.05007884957909199,2.135,2.199,0.040000000000000036,0.00579950289975145,0.06400000000000006
AV,Campania,Gasolio,post,174,1740,2.282812068965517,0.09663728936955153,2.19,2.399,0.15900000000000025,0.3706896551724138,0.20900000000000007
AV,Campania,Gasolio,pre,174,1207,2.3541632145816074,0.06972714439593415,2.299,2.409,0.04999999999999982,0.00579950289975145,0.10999999999999988
BA,Puglia,Benzina,post,358,3579,2.05410896898575,0.08183254914130876,1.989,2.179,0.139,0.5280804694048616,0.18999999999999972
BA,Puglia,Benzina,pre,358,2505,2.161712974051896,0.03667386393147399,2.129,2.189,0.029999999999999805,0.003992015968063872,0.06000000000000005
BA,Puglia,Gasolio,post,358,3579,2.254014808605756,0.08454404757070706,2.189,2.399,0.10899999999999999,0.5783738474434199,0.20999999999999996
BA,Puglia,Gasolio,pre,358,2505,2.351394411177645,0.05478766856601625,2.317,2.4,0.04999999999999982,0.015169660678642715,0.08299999999999974
BG,Lombardia,Benzina,post,313,3130,2.0754226837060705,0.08984801945162295,1.99,2.189,0.15399999999999991,0.365814696485623,0.19900000000000007
BG,Lombardia,Benzina,pre,313,2188,2.149180530164534,0.06526557084213891,2.119,2.199,0.04599999999999982,0.02010968921389397,0.07999999999999963
BG,Lombardia,Gasolio,post,313,3129,2.2844477468839886,0.10911554404502996,2.19,2.41,0.17000000000000037,0.3870246085011186,0.2200000000000002
BG,Lombardia,Gasolio,pre,313,2188,2.3463180987202925,0.09129039522984457,2.299,2.419,0.06399999999999961,0.02056672760511883,0.1200000000000001
BI,Piemonte,Benzina,post,68,680,2.0661691176470587,0.08349310159496937,1.99,2.159,0.1489999999999998,0.36617647058823527,0.16899999999999982
BI,Piemonte,Benzina,pre,68,475,2.132141052631579,0.06107499625596385,2.099,2.179,0.03999999999999959,0.029473684210526315,0.07999999999999963
BI,Piemonte,Gasolio,post,68,680,2.273195588235294,0.08881757202153635,2.19,2.399,0.15500000000000025,0.3911764705882353,0.20900000000000007
BI,Piemonte,Gasolio,pre,68,476,2.3316344537815126,0.0682425456882789,2.269,2.389,0.06199999999999983,0.029411764705882353,0.11999999999999966
BL,Veneto,Benzina,post,95,948,2.0812257383966246,0.08084159809829818,1.99,2.189,0.16300000000000003,0.3670886075949367,0.19900000000000007
BL,Veneto,Benzina,pre,95,665,2.166726315789474,0.03304670365863028,2.129,2.219,0.039000000000000146,0.0015037593984962407,0.08999999999999986
BL,Veneto,Gasolio,post,93,928,2.280884698275862,0.08225548028824135,2.19,2.397,0.16400000000000015,0.4073275862068966,0.20699999999999985
BL,Veneto,Gasolio,pre,93,651,2.3551658986175115,0.0373488766785935,2.309,2.399,0.04999999999999982,0.0015360983102918587,0.08999999999999986
BN,Campania,Benzina,post,129,1290,2.0947325581395346,0.09775416329284853,1.99,2.199,0.16999999999999993,0.37131782945736436,0.20899999999999985
BN,Campania,Benzina,pre,129,898,2.161695991091314,0.05263606358908082,2.119,2.209,0.050000000000000266,0.024498886414253896,0.08999999999999986
BN,Campania,Gasolio,post,128,1280,2.2922492187500003,0.09567280171324177,2.19,2.429,0.16000000000000014,0.37421875,0.23899999999999988
BN,Campania,Gasolio,pre,128,889,2.3551844769403827,0.06308604293199348,2.298,2.429,0.07399999999999984,0.024746906636670417,0.13099999999999978
BO,Emilia-Romagna,Benzina,post,306,3060,2.0716849673202615,0.08694091042403533,1.99,2.189,0.15800000000000014,0.43071895424836604,0.19900000000000007
BO,Emilia-Romagna,Benzina,pre,306,2139,2.1556638616175783,0.04473255583149156,2.119,2.199,0.03400000000000025,0.0065451145395044414,0.07999999999999963
BO,Emilia-Romagna,Gasolio,post,305,3049,2.2736677599212856,0.08662970726814825,2.19,2.399,0.15900000000000025,0.46736634962282714,0.20900000000000007
BO,Emilia-Romagna,Gasolio,pre,305,2131,2.3453186297512905,0.05579871879323572,2.299,2.399,0.06000000000000005,0.01313937118723604,0.10000000000000009
BR,Puglia,Benzina,post,161,1610,2.073129192546584,0.08897935573849988,1.99,2.189,0.17500000000000004,0.45217391304347826,0.19900000000000007
BR,Puglia,Benzina,pre,161,1127,2.1640390417036377,0.045984149348069686,2.139,2.199,0.02900000000000036,0.008873114463176575,0.06000000000000005
BR,Puglia,Gasolio,post,161,1610,2.261948447204969,0.09382565427601415,2.19,2.389,0.13900000000000023,0.4919254658385093,0.19899999999999984
BR,Puglia,Gasolio,pre,161,1127,2.343337178349601,0.07641698657230257,2.311,2.399,0.04699999999999971,0.0354924578527063,0.08800000000000008
BS,Lombardia,Benzina,post,467,4665,2.084102679528403,0.09024864383279761,1.99,2.199,0.16899999999999982,0.3785637727759914,0.20899999999999985
BS,Lombardia,Benzina,pre,466,3259,2.15607394906413,0.05096655452604639,2.119,2.199,0.040000000000000036,0.013194231359312672,0.07999999999999963
BS,Lombardia,Gasolio,post,463,4624,2.2945240051903117,0.09658328432069334,2.19,2.409,0.18500000000000005,0.40116782006920415,0.21899999999999986
BS,Lombardia,Gasolio,pre,462,3229,2.355579436358006,0.06054308346086007,2.299,2.41,0.05900000000000016,0.02260761845772685,0.11100000000000021
BT,Puglia,Benzina,post,89,889,2.054566929133858,0.0775305974743247,1.99,2.179,0.1489999999999998,0.5264341957255343,0.18899999999999983
BT,Puglia,Benzina,pre,89,623,2.1610192616372395,0.03205170082068907,2.119,2.199,0.040000000000000036,0.011235955056179775,0.07999999999999963
BT,Puglia,Gasolio,post,89,888,2.252332207207207,0.0734815547867797,2.19,2.389,0.10899999999999999,0.5833333333333334,0.19899999999999984
BT,Puglia,Gasolio,pre,89,623,2.3488747993579455,0.04051323142106426,2.299,2.405,0.04999999999999982,0.0,0.10599999999999987
BZ,Trentino-Alto Adige/Südtirol,Benzina,post,144,1440,2.108103472222222,0.10200794905132957,1.99,2.229,0.20899999999999985,0.3854166666666667,0.2390000000000001
BZ,Trentino-Alto Adige/Südtirol,Benzina,pre,144,1008,2.1946001984126986,0.04000071846376026,2.159,2.249,0.040000000000000036,0.006944444444444444,0.0900000000000003
BZ,Trentino-Alto Adige/Südtirol,Gasolio,post,143,1430,2.3180692307692308,0.10563067996629864,2.19,2.457,0.20500000000000007,0.3972027972027972,0.2669999999999999
BZ,Trentino-Alto Adige/Südtirol,Gasolio,pre,143,1001,2.39810989010989,0.04270430788676829,2.347,2.455,0.052000000000000046,0.0,0.1080000000000001
CA,Sardegna,Benzina,post,174,1719,2.054412449098313,0.07788290281185747,1.99,2.169,0.12900000000000023,0.5334496800465387,0.17900000000000005
CA,Sardegna,Benzina,pre,174,1211,2.146585466556565,0.03736153394009034,2.109,2.189,0.04999999999999982,0.0,0.08000000000000007
CA,Sardegna,Gasolio,post,174,1717,2.2667850902737334,0.08291846508566494,2.19,2.399,0.14900000000000002,0.5527082119976704,0.20900000000000007
CA,Sardegna,Gasolio,pre,174,1211,2.3450008257638313,0.04220852406149505,2.299,2.399,0.07000000000000028,0.0,0.10000000000000009
CB,Molise,Benzina,post,98,978,2.068963190184049,0.09740335301178908,1.99,2.198,0.15500000000000003,0.3456032719836401,0.20799999999999996
CB,Molise,Benzina,pre,98,684,2.145883040935672,0.08177242859302425,2.119,2.199,0.038000000000000256,0.033625730994152045,0.07999999999999963
CB,Molise,Gasolio,post,98,978,2.2759519427402863,0.10799280057370116,2.19,2.399,0.16199999999999992,0.36912065439672803,0.20900000000000007
CB,Molise,Gasolio,pre,98,684,2.340985380116959,0.09479717003301398,2.299,2.406,0.051000000000000156,0.033625730994152045,0.1070000000000002
CE,Campania,Benzina,post,298,2980,2.073519463087248,0.09636637364506417,1.99,2.189,0.15500000000000003,0.38691275167785233,0.19900000000000007
CE,Campania,Benzina,pre,298,2086,2.1447118887823584,0.07344910584041793,2.109,2.199,0.040000000000000036,0.02732502396931927,0.08999999999999986
CE,Campania,Gasolio,post,298,2980,2.2604164429530202,0.10645083935709779,2.19,2.389,0.13200000000000012,0.42885906040268457,0.19899999999999984
CE,Campania,Gasolio,pre,298,2084,2.326159788867562,0.09840410620622678,2.279,2.399,0.07000000000000028,0.02831094049904031,0.1200000000000001
CH,Abruzzo,Benzina,post,171,1707,2.0693696543643822,0.08506220655976413,1.99,2.183,0.15900000000000003,0.45694200351493847,0.19299999999999984
CH,Abruzzo,Benzina,pre,171,1195,2.1577138075313806,0.03415493472854728,2.119,2.199,0.020999999999999908,0.0016736401673640166,0.07999999999999963
CH,Abruzzo,Gasolio,post,171,1707,2.269435266549502,0.0804495195969032,2.19,2.398,0.13900000000000023,0.4903339191564148,0.20800000000000018
CH,Abruzzo,Gasolio,pre,171,1195,2.3419004184100416,0.04483081120156845,2.289,2.399,0.040000000000000036,0.012552301255230125,0.10999999999999988
CI,Sardegna,Benzina,post,48,479,2.0503089770354905,0.09057616909973623,1.989,2.177,0.139,0.4906054279749478,0.18799999999999994
CI,Sardegna,Benzina,pre,48,333,2.1344324324324324,0.06980057068434775,2.107,2.187,0.03999999999999959,0.021021021021021023,0.07999999999999963
CI,Sardegna,Gasolio,post,48,479,2.259916492693111,0.1328818226319893,2.189,2.407,0.17900000000000027,0.5198329853862212,0.21799999999999997
CI,Sardegna,Gasolio,pre,48,333,2.340648648648649,0.12052263062865115,2.307,2.419,0.0519999999999996,0.042042042042042045,0.1120000000000001
CL,Sicilia,Benzina,post,80,799,2.086315394242803,0.08839724732223761,1.99,2.199,0.17900000000000005,0.41802252816020025,0.20899999999999985
CL,Sicilia,Benzina,pre,80,560,2.1660160714285714,0.024396649794825014,2.139,2.199,0.02499999999999991,0.0017857142857142857,0.06000000000000005
CL,Sicilia,Gasolio,post,80,799,2.294092615769712,0.08824427211975978,2.19,2.399,0.19499999999999984,0.4117647058823529,0.20900000000000007
CL,Sicilia,Gasolio,pre,80,558,2.3672186379928317,0.03243978889185399,2.329,2.409,0.04999999999999982,0.0017921146953405018,0.07999999999999963
CN,Piemonte,Benzina,post,288,2880,2.076129861111111,0.09468897814124279,1.99,2.188,0.16899999999999982,0.365625,0.19800000000000018
CN,Piemonte,Benzina,pre,288,2015,2.1579607940446652,0.05568148665108567,2.128,2.199,0.0349999999999997,0.014392059553349877,0.07099999999999973
CN,Piemonte,Gasolio,post,288,2880,2.2849107638888886,0.10310334009074146,2.19,2.419,0.17500000000000027,0.39791666666666664,0.2290000000000001
CN,Piemonte,Gasolio,pre,288,2015,2.359912158808933,0.07333911199772103,2.299,2.419,0.06000000000000005,0.015384615384615385,0.1200000000000001
CO,Lombardia,Benzina,post,107,1068,2.0624747191011235,0.07677401640255054,1.99,2.179,0.14399999999999968,0.44662921348314605,0.18899999999999983
CO,Lombardia,Benzina,pre,107,746,2.1568109919571046,0.031246848965773632,2.119,2.199,0.040000000000000036,0.0,0.07999999999999963
CO,Lombardia,Gasolio,post,106,1058,2.275670132325142,0.08379061096837506,2.19,2.399,0.16199999999999992,0.4782608695652174,0.20900000000000007
CO,Lombardia,Gasolio,pre,106,739,2.357826792963464,0.041943144985154925,2.299,2.409,0.0519999999999996,0.0,0.10999999999999988
CR,Lombardia,Benzina,post,133,1330,2.060862406015038,0.07413459492206954,1.99,2.159,0.139,0.456390977443609,0.16899999999999982
CR,Lombardia,Benzina,pre,133,930,2.151293548387097,0.03275089233355403,2.119,2.199,0.040000000000000036,0.005376344086021506,0.07999999999999963
CR,Lombardia,Gasolio,post,132,1320,2.2686681818181818,0.0787829556715732,2.19,2.389,0.14100000000000001,0.4734848484848485,0.19899999999999984
CR,Lombardia,Gasolio,pre,132,923,2.349088840736728,0.044331142927441836,2.299,2.405,0.05500000000000016,0.005417118093174431,0.10599999999999987
CS,Calabria,Benzina,post,245,2450,2.0783465306122446,0.09379384271257969,1.99,2.199,0.18899999999999983,0.48122448979591836,0.20899999999999985
CS,Calabria,Benzina,pre,245,1712,2.1808294392523364,0.0315420567188993,2.149,2.209,0.040000000000000036,0.0040887850467289715,0.06000000000000005
CS,Calabria,Gasolio,post,246,2460,2.2839321138211384,0.09225342957089296,2.19,2.409,0.19099999999999984,0.4922764227642276,0.21899999999999986
CS,Calabria,Gasolio,pre,246,1719,2.3715945317044795,0.03819081121007499,2.329,2.419,0.04999999999999982,0.004072134962187318,0.08999999999999986
CT,Sicilia,Benzina,post,359,3590,2.0762384401114207,0.0904332223552983,1.99,2.179,0.15500000000000003,0.43481894150417827,0.18899999999999983
CT,Sicilia,Benzina,pre,359,2513,2.1577401512136887,0.04974706453084152,2.129,2.189,0.03000000000000025,0.014723438121766812,0.06000000000000005
CT,Sicilia,Gasolio,post,359,3588,2.2797447045707915,0.09188992358632704,2.19,2.399,0.16000000000000014,0.459866220735786,0.20900000000000007
CT,Sicilia,Gasolio,pre,359,2513,2.3588686828491845,0.057532553320848896,2.329,2.41,0.04999999999999982,0.014723438121766812,0.08099999999999996
CZ,Calabria,Benzina,post,143,1429,2.0845416375087473,0.09238099609862403,1.99,2.199,0.17500000000000004,0.44016794961511546,0.20899999999999985
CZ,Calabria,Benzina,pre,143,1001,2.1735464535464533,0.037187015071259655,2.149,2.199,0.03000000000000025,0.006993006993006993,0.04999999999999982
CZ,Calabria,Gasolio,post,143,1429,2.2847291812456265,0.09191519731033679,2.19,2.399,0.17600000000000016,0.4555633310006998,0.20900000000000007
CZ,Calabria,Gasolio,pre,143,1001,2.3594925074925075,0.04950828409272741,2.317,2.409,0.04700000000000015,0.006993006993006993,0.09199999999999964
EN,Sicilia,Benzina,post,53,530,2.084350943396226,0.08151204260626466,1.99,2.199,0.16999999999999993,0.3622641509433962,0.20899999999999985
EN,Sicilia,Benzina,pre,53,371,2.1682291105121294,0.029662585661496262,2.144,2.199,0.020000000000000018,0.008086253369272238,0.054999999999999716
EN,Sicilia,Gasolio,post,52,520,2.291530769230769,0.090526478819308,2.19,2.419,0.18000000000000016,0.3923076923076923,0.2290000000000001
EN,Sicilia,Gasolio,pre,52,364,2.367074175824176,0.05749296273268263,2.329,2.439,0.06000000000000005,0.008241758241758242,0.10999999999999988
FC,Emilia-Romagna,Benzina,post,145,1445,2.076525259515571,0.07595476460332974,1.99,2.178,0.1479999999999999,0.35570934256055364,0.18799999999999994
FC,Emilia-Romagna,Benzina,pre,144,1008,2.142605158730159,0.03679642664819595,2.117,2.189,0.030999999999999694,0.01488095238095238,0.07200000000000006
FC,Emilia-Romagna,Gasolio,post,146,1454,2.2786320495185692,0.07929442876109309,2.19,2.379,0.15200000000000014,0.3858321870701513,0.18900000000000006
FC,Emilia-Romagna,Gasolio,pre,145,1015,2.3378374384236453,0.05360585738605916,2.289,2.395,0.040000000000000036,0.023645320197044337,0.10599999999999987
FE,Emilia-Romagna,Benzina,post,144,1440,2.084796527777778,0.09177641268535074,1.99,2.189,0.1499999999999999,0.30625,0.19900000000000007
FE,Emilia-Romagna,Benzina,pre,144,1007,2.150398212512413,0.0670240551812919,2.119,2.199,0.03000000000000025,0.027805362462760674,0.07999999999999963
FE,Emilia-Romagna,Gasolio,post,143,1429,2.285074177746676,0.09789332120704687,2.19,2.399,0.16000000000000014,0.33939818054583626,0.20900000000000007
FE,Emilia-Romagna,Gasolio,pre,143,1000,2.337745,0.09193838502846179,2.294,2.399,0.04899999999999993,0.028,0.10499999999999998
FG,Puglia,Benzina,post,184,1838,2.0851001088139283,0.10449809425943221,1.99,2.199,0.17900000000000005,0.4205658324265506,0.20899999999999985
FG,Puglia,Benzina,pre,184,1288,2.1660830745341615,0.07152098333718127,2.119,2.226,0.04999999999999982,0.030279503105590064,0.10699999999999976
FG,Puglia,Gasolio,post,185,1846,2.2714680390032504,0.10667158935363748,2.19,2.399,0.15900000000000025,0.4647887323943662,0.20900000000000007
FG,Puglia,Gasolio,pre,185,1295,2.345669498069498,0.09001134457597784,2.298,2.41,0.054999999999999716,0.039382239382239385,0.1120000000000001
FI,Toscana,Benzina,post,278,2780,2.0565309352517986,0.07957257249050011,1.99,2.169,0.1489999999999998,0.516546762589928,0.17900000000000005
FI,Toscana,Benzina,pre,278,1946,2.1519059609455296,0.03736459558203825,2.119,2.189,0.03100000000000014,0.0041109969167523125,0.06999999999999984
FI,Toscana,Gasolio,post,278,2779,2.2701036344008636,0.08354606286124887,2.19,2.399,0.15500000000000025,0.5232097876934149,0.20900000000000007
FI,Toscana,Gasolio,pre,278,1946,2.354594039054471,0.044714077600427664,2.299,2.406,0.053999999999999826,0.007708119218910586,0.1070000000000002
FM,Marche,Benzina,post,82,819,2.0585848595848595,0.08869626788510745,1.99,2.189,0.12900000000000023,0.5042735042735043,0.19900000000000007
FM,Marche,Benzina,pre,82,574,2.1337020905923345,0.05930004837546162,2.109,2.189,0.03999999999999959,0.04878048780487805,0.08000000000000007
FM,Marche,Gasolio,post,82,819,2.253989010989011,0.08593416554659379,2.189,2.39,0.10899999999999999,0.5421245421245421,0.20100000000000007
FM,Marche,Gasolio,pre,82,572,2.3143986013986013,0.06297486668042285,2.268,2.379,0.050000000000000266,0.050699300699300696,0.11100000000000021
FR,Lazio,Benzina,post,241,2404,2.0481572379367723,0.1144443897144092,1.99,2.189,0.15900000000000003,0.5291181364392679,0.19900000000000007
FR,Lazio,Benzina,pre,240,1680,2.132822619047619,0.10584744419029558,2.099,2.199,0.04300000000000015,0.05892857142857143,0.09999999999999964
FR,Lazio,Gasolio,post,241,2403,2.249776529338327,0.1288568857335096,2.189,2.397,0.14800000000000013,0.544735746982938,0.20799999999999974
FR,Lazio,Gasolio,pre,240,1680,2.3253660714285718,0.12360096380115271,2.289,2.399,0.050000000000000266,0.06488095238095239,0.10999999999999988
GE,Liguria,Benzina,post,202,2018,2.0493642220019823,0.0815001613487074,1.989,2.179,0.1489999999999998,0.5485629335976214,0.18999999999999972
GE,Liguria,Benzina,pre,202,1414,2.1606357850070723,0.04628773535110492,2.127,2.199,0.040000000000000036,0.010608203677510608,0.07200000000000006
GE,Liguria,Gasolio,post,201,2008,2.262260956175299,0.09253399235086977,2.189,2.399,0.14900000000000002,0.5667330677290837,0.20999999999999996
GE,Liguria,Gasolio,pre,201,1407,2.3555934612651033,0.06908402670129903,2.309,2.407,0.054999999999999716,0.014214641080312722,0.09799999999999986
GO,Friuli-Venezia Giulia,Benzina,post,40,400,2.045305,0.07201543259141335,1.99,2.179,0.10900000000000021,0.505,0.18899999999999983
GO,Friuli-Venezia Giulia,Benzina,pre,40,280,2.1657357142857143,0.028750467838309274,2.129,2.199,0.04200000000000026,0.0,0.06999999999999984
GO,Friuli-Venezia Giulia,Gasolio,post,40,400,2.258105,0.08045755103653723,2.19,2.399,0.08300000000000018,0.55,0.20900000000000007
GO,Friuli-Venezia Giulia,Gasolio,pre,40,280,2.3631714285714285,0.04523446569642172,2.299,2.41,0.06000000000000005,0.0,0.11100000000000021
GR,Toscana,Benzina,post,129,1290,2.083867441860465,0.09524548468375849,1.99,2.189,0.16899999999999982,0.3689922480620155,0.19900000000000007
GR,Toscana,Benzina,pre,129,901,2.147752497225305,0.06126207642290481,2.089,2.199,0.05699999999999994,0.00776914539400666,0.10999999999999988
GR,Toscana,Gasolio,post,129,1290,2.2899829457364342,0.09748548309427597,2.19,2.399,0.16500000000000004,0.38992248062015505,0.20900000000000007
GR,Toscana,Gasolio,pre,129,901,2.3408879023307434,0.0677712301966898,2.268,2.399,0.07299999999999995,0.008879023307436182,0.13100000000000023
IM,Liguria,Benzina,post,64,636,2.056874213836478,0.08215868970873759,1.99,2.189,0.1569999999999998,0.5062893081761006,0.19900000000000007
IM,Liguria,Benzina,pre,63,441,2.167739229024943,0.031809911667801644,2.139,2.199,0.029999999999999805,0.0022675736961451248,0.06000000000000005
IM,Liguria,Gasolio,post,64,636,2.272213836477987,0.09066816644597793,2.19,2.419,0.15900000000000025,0.5283018867924528,0.2290000000000001
IM,Liguria,Gasolio,pre,63,441,2.3759750566893425,0.039660282560527386,2.339,2.429,0.04999999999999982,0.0022675736961451248,0.08999999999999986
IS,Molise,Benzina,post,41,408,2.082950980392157,0.08529574247604732,1.99,2.179,0.15399999999999991,0.3088235294117647,0.18899999999999983
IS,Molise,Benzina,pre,41,285,2.149056140350877,0.06279513700542046,2.118,2.199,0.040000000000000036,0.02456140350877193,0.08099999999999996
IS,Molise,Gasolio,post,41,408,2.288299019607843,0.12173806334845559,2.19,2.419,0.19700000000000006,0.3602941176470588,0.2290000000000001
IS,Molise,Gasolio,pre,41,285,2.3558315789473685,0.10730320860404627,2.325,2.43,0.0479999999999996,0.02456140350877193,0.10499999999999998
KR,Calabria,Benzina,post,44,440,2.0878431818181817,0.0968894607641362,1.99,2.229,0.18899999999999983,0.3704545454545455,0.2390000000000001
KR,Calabria,Benzina,pre,44,307,2.1828827361563516,0.033670538434988836,2.149,2.229,0.040000000000000036,0.0,0.08000000000000007
KR,Calabria,Gasolio,post,44,440,2.2992909090909093,0.09737154687279889,2.19,2.439,0.20000000000000018,0.38181818181818183,0.2490000000000001
KR,Calabria,Gasolio,pre,44,307,2.3754625407166126,0.035777741611661674,2.339,2.429,0.04999999999999982,0.0,0.08999999999999986
LC,Lombardia,Benzina,post,84,840,2.0711166666666667,0.0809920504542869,1.99,2.189,0.1499999999999999,0.3976190476190476,0.19900000000000007
LC,Lombardia,Benzina,pre,84,588,2.1569438775510203,0.03567659839227355,2.119,2.204,0.04999999999999982,0.0017006802721088435,0.08499999999999996
LC,Lombardia,Gasolio,post,84,840,2.281620238095238,0.08386814851931297,2.19,2.399,0.16000000000000014,0.4154761904761905,0.20900000000000007
LC,Lombardia,Gasolio,pre,84,588,2.3579234693877553,0.042287399022071036,2.299,2.409,0.051000000000000156,0.0017006802721088435,0.10999999999999988
LE,Puglia,Benzina,post,374,3740,2.0922155080213902,0.09035062055720537,1.99,2.199,0.18899999999999983,0.3574866310160428,0.20899999999999985
LE,Puglia,Benzina,pre,374,2618,2.1696566080977844,0.04059045617001801,2.135,2.199,0.04499999999999993,0.008021390374331552,0.06400000000000006
LE,Puglia,Gasolio,post,374,3740,2.2859302139037436,0.08435523718541169,2.19,2.399,0.16400000000000015,0.389572192513369,0.20900000000000007
LE,Puglia,Gasolio,pre,374,2618,2.3519736440030554,0.04206842135668597,2.299,2.399,0.040000000000000036,0.008403361344537815,0.10000000000000009
LI,Toscana,Benzina,post,130,1298,2.0719791987673344,0.10765446466017889,1.99,2.199,0.1489999999999998,0.4815100154083205,0.20899999999999985
LI,Toscana,Benzina,pre,130,907,2.1522425578831315,0.07010199630971102,2.098,2.199,0.04999999999999982,0.0011025358324145535,0.10099999999999998
LI,Toscana,Gasolio,post,130,1296,2.273,0.08826211402521951,2.19,2.399,0.15900000000000025,0.5069444444444444,0.20900000000000007
LI,Toscana,Gasolio,pre,130,909,2.3436853685368537,0.05133791498258697,2.289,2.399,0.06999999999999984,0.009900990099009901,0.10999999999999988
LO,Lombardia,Benzina,post,68,679,2.05220176730486,0.07067743584677434,1.99,2.169,0.12500000000000022,0.46686303387334316,0.17900000000000005
LO,Lombardia,Benzina,pre,67,469,2.150368869936034,0.03101113618218413,2.119,2.199,0.040000000000000036,0.0021321961620469083,0.07999999999999963
LO,Lombardia,Gasolio,post,68,679,2.2603004418262147,0.07864875342771697,2.19,2.389,0.13000000000000034,0.5036818851251841,0.19899999999999984
LO,Lombardia,Gasolio,pre,67,469,2.3499296375266523,0.04570106036937708,2.299,2.409,0.04999999999999982,0.017057569296375266,0.10999999999999988
LT,Lazio,Benzina,post,242,2418,2.0554722911497105,0.09816410450002057,1.99,2.179,0.15900000000000003,0.5239867659222498,0.18899999999999983
LT,Lazio,Benzina,pre,242,1693,2.152359716479622,0.07558499174275095,2.129,2.197,0.040000000000000036,0.021264028352037802,0.06800000000000006
LT,Lazio,Gasolio,post,241,2406,2.2600357439733996,0.12318631988945843,2.19,2.399,0.15900000000000025,0.5411471321695761,0.20900000000000007
LT,Lazio,Gasolio,pre,241,1682,2.3463305588585017,0.11124276128760197,2.299,2.409,0.0519999999999996,0.03032104637336504,0.10999999999999988
LU,Toscana,Benzina,post,176,1760,2.0823238636363635,0.08256562293597607,1.99,2.189,0.1649999999999998,0.35795454545454547,0.19900000000000007
LU,Toscana,Benzina,pre,176,1232,2.157208603896104,0.03733192922583504,2.125,2.199,0.03500000000000014,0.006493506493506494,0.07399999999999984
LU,Toscana,Gasolio,post,176,1759,2.2906867538374076,0.08590168336194938,2.19,2.399,0.17500000000000027,0.38430926662876636,0.20900000000000007
LU,Toscana,Gasolio,pre,176,1232,2.357095779220779,0.04557298979554583,2.309,2.409,0.0519999999999996,0.012175324675324676,0.09999999999999964
MB,Lombardia,Benzina,post,190,1900,2.053684210526316,0.07133094342129027,1.99,2.169,0.12500000000000022,0.4305263157894737,0.17900000000000005
MB,Lombardia,Benzina,pre,190,1328,2.1464457831325303,0.031222493200849903,2.109,2.185,0.029999999999999805,0.006024096385542169,0.07600000000000007
MB,Lombardia,Gasolio,post,189,1890,2.270410582010582,0.08013882670043923,2.19,2.399,0.13400000000000034,0.4497354497354497,0.20900000000000007
MB,Lombardia,Gasolio,pre,189,1321,2.3512437547312643,0.042327792923446815,2.299,2.399,0.04999999999999982,0.006056018168054504,0.10000000000000009
MC,Marche,Benzina,post,152,1515,2.0572580858085807,0.09428388261400769,1.99,2.189,0.1489999999999998,0.4772277227722772,0.19900000000000007
MC,Marche,Benzina,pre,152,1064,2.138406015037594,0.0726632110518177,2.119,2.199,0.04999999999999982,0.02631578947368421,0.07999999999999963
MC,Marche,Gasolio,post,151,1505,2.2547953488372094,0.11530203447417672,2.19,2.379,0.14900000000000002,0.5122923588039867,0.18900000000000006
MC,Marche,Gasolio,pre,151,1057,2.317762535477767,0.10171124548798295,2.294,2.389,0.05900000000000016,0.026490066225165563,0.09499999999999975
ME,Sicilia,Benzina,post,181,1810,2.0871834254143646,0.10371574001999484,1.99,2.199,0.17500000000000004,0.4458563535911602,0.20899999999999985
ME,Sicilia,Benzina,pre,181,1264,2.17678164556962,0.04987569452485513,2.149,2.199,0.020000000000000018,0.00949367088607595,0.04999999999999982
ME,Sicilia,Gasolio,post,181,1810,2.294067955801105,0.10495943211000068,2.19,2.429,0.20500000000000007,0.450828729281768,0.23899999999999988
ME,Sicilia,Gasolio,pre,181,1264,2.378439082278481,0.051558907183960626,2.339,2.422,0.05999999999999961,0.00870253164556962,0.08300000000000018
MI,Lombardia,Benzina,post,636,6356,2.060874292007552,0.0944474198459059,1.99,2.189,0.1439999999999999,0.46397105097545627,0.19900000000000007
MI,Lombardia,Benzina,pre,636,4450,2.157194831460674,0.05860848394219944,2.119,2.199,0.03299999999999992,0.0071910112359550565,0.07999999999999963
MI,Lombardia,Gasolio,post,625,6246,2.2724630163304513,0.10013528315748563,2.19,2.399,0.14500000000000002,0.48927313480627604,0.20900000000000007
MI,Lombardia,Gasolio,pre,625,4373,2.357898696546993,0.06935758365506199,2.299,2.416,0.06599999999999984,0.01074777040932998,0.11699999999999999
MN,Lombardia,Benzina,post,167,1670,2.0594946107784433,0.07479065831571612,1.99,2.159,0.139,0.48323353293413174,0.16899999999999982
MN,Lombardia,Benzina,pre,167,1167,2.147630676949443,0.03659558106970717,2.125,2.189,0.020000000000000018,0.01970865467009426,0.06400000000000006
MN,Lombardia,Gasolio,post,162,1620,2.2667740740740743,0.0801876016499831,2.19,2.389,0.13900000000000023,0.5067901234567901,0.19899999999999984
MN,Lombardia,Gasolio,pre,162,1132,2.3431749116607774,0.0499668445995127,2.299,2.4,0.050000000000000266,0.022084805653710248,0.10099999999999998
MO,Emilia-Romagna,Benzina,post,247,2467,2.079273611674098,0.08223746181983849,1.99,2.199,0.15500000000000003,0.3692744223753547,0.20899999999999985
MO,Emilia-Romagna,Benzina,pre,247,1726,2.1611790266512165,0.03504188533711587,2.119,2.199,0.040000000000000036,0.0,0.07999999999999963
MO,Emilia-Romagna,Gasolio,post,247,2467,2.2811236319416297,0.08243667306361925,2.19,2.399,0.15400000000000036,0.4021078232671261,0.20900000000000007
MO,Emilia-Romagna,Gasolio,pre,247,1726,2.352811123986095,0.05183399604265923,2.295,2.409,0.05999999999999961,0.020278099652375436,0.11399999999999988
MS,Toscana,Benzina,post,68,680,2.0697411764705884,0.08012953841405128,1.99,2.179,0.16600000000000015,0.4161764705882353,0.18899999999999983
MS,Toscana,Benzina,pre,68,476,2.1622415966386557,0.027838451877197867,2.134,2.199,0.0349999999999997,0.0,0.06499999999999995
MS,Toscana,Gasolio,post,68,680,2.282775,0.08878260731864902,2.19,2.399,0.18500000000000005,0.43823529411764706,0.20900000000000007
MS,Toscana,Gasolio,pre,68,476,2.3624873949579834,0.041342495643605405,2.319,2.415,0.04999999999999982,0.0,0.09600000000000009
MT,Basilicata,Benzina,post,75,750,2.10282,0.0964421193073961,1.99,2.199,0.18499999999999983,0.3506666666666667,0.20899999999999985
MT,Basilicata,Benzina,pre,75,525,2.1786895238095236,0.031836425690190316,2.149,2.219,0.040000000000000036,0.0,0.06999999999999984
MT,Basilicata,Gasolio,post,75,749,2.286743658210948,0.08455070609742343,2.19,2.399,0.16000000000000014,0.3951935914552737,0.20900000000000007
MT,Basilicata,Gasolio,pre,75,525,2.3638590476190475,0.04263357029249529,2.319,2.418,0.051000000000000156,0.013333333333333334,0.0990000000000002
NA,Campania,Benzina,post,662,6617,2.072861719812604,0.09804849168718711,1.99,2.189,0.15100000000000002,0.4438567326583044,0.19900000000000007
NA,Campania,Benzina,pre,662,4620,2.15518354978355,0.06702424546654848,2.109,2.199,0.040000000000000036,0.011471861471861472,0.08999999999999986
NA,Campania,Gasolio,post,662,6614,2.265260961596613,0.099043898715257,2.189,2.399,0.13900000000000023,0.5024191109767161,0.20999999999999996
NA,Campania,Gasolio,pre,662,4620,2.3421558441558443,0.08032506995599403,2.289,2.399,0.08000000000000007,0.022510822510822513,0.10999999999999988
NO,Piemonte,Benzina,post,136,1359,2.0567255334805004,0.08453351429909717,1.99,2.169,0.14700000000000002,0.4576894775570272,0.17900000000000005
NO,Piemonte,Benzina,pre,136,951,2.1435005257623554,0.0571842796739501,2.119,2.195,0.029999999999999805,0.023133543638275498,0.07599999999999962
NO,Piemonte,Gasolio,post,136,1360,2.2665029411764706,0.10479666000017872,2.19,2.399,0.16900000000000004,0.48455882352941176,0.20900000000000007
NO,Piemonte,Gasolio,pre,136,950,2.3416589473684213,0.08563316215362607,2.299,2.4,0.04999999999999982,0.034736842105263156,0.10099999999999998
NU,Sardegna,Benzina,post,63,630,2.1243793650793648,0.111453486714006,1.99,2.278,0.20499999999999985,0.3396825396825397,0.28800000000000003
NU,Sardegna,Benzina,pre,63,441,2.1987120181405895,0.04896456107839295,2.149,2.279,0.07000000000000028,0.0,0.1299999999999999
NU,Sardegna,Gasolio,post,63,630,2.33051746031746,0.10669500465802921,2.19,2.459,0.2200000000000002,0.3492063492063492,0.26900000000000013
NU,Sardegna,Gasolio,pre,63,441,2.3991337868480724,0.044781467011171444,2.349,2.459,0.07799999999999985,0.0,0.10999999999999988
OG,Sardegna,Benzina,post,24,240,2.140233333333333,0.10831290741886983,1.99,2.269,0.20399999999999974,0.26666666666666666,0.27900000000000014
OG,Sardegna,Benzina,pre,24,168,2.2011964285714285,0.05361944625887736,2.159,2.269,0.040000000000000036,0.0,0.11000000000000032
OG,Sardegna,Gasolio,post,24,240,2.342975,0.10379783718451996,2.194,2.499,0.16599999999999993,0.275,0.30500000000000016
OG,Sardegna,Gasolio,pre,24,168,2.3996785714285713,0.05382910654766086,2.349,2.499,0.08000000000000007,0.0,0.1499999999999999
OR,Sardegna,Benzina,post,67,670,2.0723567164179104,0.08308996821099209,1.99,2.169,0.16700000000000004,0.4298507462686567,0.17900000000000005
OR,Sardegna,Benzina,pre,67,465,2.155101075268817,0.04149850042633357,2.129,2.189,0.02200000000000024,0.017204301075268817,0.06000000000000005
OR,Sardegna,Gasolio,post,66,660,2.2809818181818184,0.0915213996204982,2.19,2.399,0.18500000000000005,0.4484848484848485,0.20900000000000007
OR,Sardegna,Gasolio,pre,66,458,2.357862445414847,0.0538795628744202,2.319,2.405,0.04499999999999993,0.017467248908296942,0.08599999999999985
OT,Sardegna,Benzina,post,72,716,2.0700851955307265,0.0872807847633876,1.99,2.199,0.17000000000000015,0.48743016759776536,0.20899999999999985
OT,Sardegna,Benzina,pre,72,502,2.170768924302789,0.028612044531171405,2.129,2.219,0.039000000000000146,0.0,0.08999999999999986
OT,Sardegna,Gasolio,post,72,715,2.2813622377622376,0.0914892592953618,2.19,2.4,0.19899999999999984,0.4965034965034965,0.20999999999999996
OT,Sardegna,Gasolio,pre,72,502,2.3687868525896416,0.04126237050890515,2.329,2.419,0.05500000000000016,0.0,0.08999999999999986
PA,Sicilia,Benzina,post,317,3158,2.0755221659278025,0.09114442195543418,1.99,2.189,0.16899999999999982,0.4651678277390754,0.19900000000000007
PA,Sicilia,Benzina,pre,315,2204,2.1687563520871143,0.04187011757606261,2.129,2.199,0.03799999999999981,0.0054446460980036296,0.06999999999999984
PA,Sicilia,Gasolio,post,317,3155,2.281614580031696,0.09117504840291527,2.19,2.399,0.16900000000000004,0.47765451664025355,0.20900000000000007
PA,Sicilia,Gasolio,pre,315,2202,2.3736094459582198,0.04577862959442832,2.329,2.419,0.04999999999999982,0.003178928247048138,0.08999999999999986
PC,Emilia-Romagna,Benzina,post,126,1260,2.0554420634920634,0.07950277754093633,1.989,2.168,0.139,0.5142857142857142,0.17900000000000005
PC,Emilia-Romagna,Benzina,pre,126,882,2.149206349206349,0.041369167213810024,2.119,2.189,0.03500000000000014,0.007936507936507936,0.06999999999999984
PC,Emilia-Romagna,Gasolio,post,126,1259,2.263657664813344,0.08451178153977056,2.189,2.389,0.14500000000000002,0.5369340746624305,0.19999999999999973
PC,Emilia-Romagna,Gasolio,pre,126,882,2.346343537414966,0.05747315326639864,2.299,2.399,0.06000000000000005,0.007936507936507936,0.10000000000000009
PD,Veneto,Benzina,post,322,3217,2.055217594031707,0.07192357850925717,1.99,2.159,0.1279999999999999,0.45725831520049737,0.16899999999999982
PD,Veneto,Benzina,pre,322,2252,2.1509409413854352,0.03174492368884795,2.119,2.189,0.02400000000000002,0.006216696269982238,0.06999999999999984
PD,Veneto,Gasolio,post,319,3184,2.2607085427135676,0.07233828862464954,2.19,2.379,0.10899999999999999,0.48743718592964824,0.18900000000000006
PD,Veneto,Gasolio,pre,319,2231,2.343742268041237,0.03968766400904666,2.308,2.398,0.03200000000000003,0.010309278350515464,0.0900000000000003
PE,Abruzzo,Benzina,post,116,1160,2.0482448275862066,0.07042036035000997,1.99,2.159,0.10900000000000021,0.525,0.16899999999999982
PE,Abruzzo,Benzina,pre,116,803,2.1489439601494396,0.02719245343746187,2.109,2.185,0.021999999999999797,0.0012453300124533001,0.07600000000000007
PE,Abruzzo,Gasolio,post,116,1160,2.252803448275862,0.0723817960933587,2.19,2.369,0.10899999999999999,0.5594827586206896,0.17900000000000027
PE,Abruzzo,Gasolio,pre,116,805,2.3391068322981368,0.03685305654412849,2.294,2.389,0.040000000000000036,0.0012422360248447205,0.09499999999999975
PG,Umbria,Benzina,post,303,3023,2.0656539861065166,0.09287927959943831,1.99,2.189,0.1489999999999998,0.4171352960635131,0.19900000000000007
PG,Umbria,Benzina,pre,302,2110,2.1555563981042654,0.06163285806515128,2.119,2.199,0.040000000000000036,0.01042654028436019,0.07999999999999963
PG,Umbria,Gasolio,post,301,3004,2.2640615845539283,0.09372316951061725,2.19,2.389,0.13900000000000023,0.47270306258322237,0.19899999999999984
PG,Umbria,Gasolio,pre,300,2097,2.333757749165475,0.07096829248645282,2.289,2.398,0.06000000000000005,0.024320457796852647,0.10899999999999999
PI,Toscana,Benzina,post,187,1869,2.0573039058319957,0.09220628866238174,1.99,2.179,0.1489999999999998,0.48582129481005887,0.18899999999999983
PI,Toscana,Benzina,pre,187,1307,2.148728385615914,0.06866123297316197,2.119,2.199,0.038000000000000256,0.02218821729150727,0.07999999999999963
PI,Toscana,Gasolio,post,186,1857,2.2666257404415724,0.11324202341553774,2.19,2.399,0.16900000000000004,0.4991922455573506,0.20900000000000007
PI,Toscana,Gasolio,pre,186,1300,2.343617692307692,0.09379390783161536,2.299,2.408,0.04499999999999993,0.024615384615384615,0.10899999999999999
PN,Friuli-Venezia Giulia,Benzina,post,114,1139,2.053705882352941,0.07740128057248447,1.99,2.179,0.139,0.5100965759438104,0.18899999999999983
PN,Friuli-Venezia Giulia,Benzina,pre,114,798,2.1796854636591476,0.050881465460921996,2.129,2.249,0.06600000000000028,0.002506265664160401,0.1200000000000001
PN,Friuli-Venezia Giulia,Gasolio,post,114,1139,2.2621703248463567,0.07752154276798201,2.19,2.389,0.13900000000000023,0.5294117647058824,0.19899999999999984
PN,Friuli-Venezia Giulia,Gasolio,pre,114,798,2.372904761904762,0.041831183128596905,2.329,2.419,0.06000000000000005,0.0037593984962406013,0.08999999999999986
PO,Toscana,Benzina,post,66,660,2.0676666666666668,0.08271794834405588,1.99,2.179,0.15900000000000003,0.4712121212121212,0.18899999999999983
PO,Toscana,Benzina,pre,66,461,2.1667744034707157,0.027513496212371025,2.129,2.199,0.03699999999999992,0.0,0.06999999999999984
PO,Toscana,Gasolio,post,66,660,2.2758151515151517,0.083208401077298,2.19,2.399,0.15900000000000025,0.48333333333333334,0.20900000000000007
PO,Toscana,Gasolio,pre,66,461,2.3657396963123642,0.03427918507597218,2.329,2.418,0.03999999999999959,0.0,0.08899999999999997
PR,Emilia-Romagna,Benzina,post,177,1767,2.062440294284097,0.07984402777808251,1.99,2.169,0.1489999999999998,0.44086021505376344,0.17900000000000005
PR,Emilia-Romagna,Benzina,pre,176,1231,2.150919577579204,0.041738549748475594,2.119,2.199,0.040000000000000036,0.010560519902518278,0.07999999999999963
PR,Emilia-Romagna,Gasolio,post,176,1759,2.266963615690733,0.08468856709558359,2.19,2.397,0.14900000000000002,0.47981807845366686,0.20699999999999985
PR,Emilia-Romagna,Gasolio,pre,175,1224,2.3392794117647058,0.06008614993391605,2.289,2.399,0.06400000000000006,0.014705882352941176,0.10999999999999988
PT,Toscana,Benzina,post,100,998,2.0952695390781564,0.08077810222694104,1.99,2.179,0.17900000000000005,0.3016032064128257,0.18899999999999983
PT,Toscana,Benzina,pre,100,699,2.166838340486409,0.03016736344627042,2.128,2.199,0.040000000000000036,0.002861230329041488,0.07099999999999973
PT,Toscana,Gasolio,post,100,998,2.3048396793587176,0.08445229968131002,2.19,2.399,0.1599999999999997,0.313627254509018,0.20900000000000007
PT,Toscana,Gasolio,pre,100,697,2.3665337159253945,0.036487587593381415,2.319,2.409,0.04800000000000004,0.0028694404591104736,0.08999999999999986
PU,Marche,Benzina,post,141,1408,2.0620674715909093,0.08634821731868261,1.99,2.159,0.14700000000000002,0.37144886363636365,0.16899999999999982
PU,Marche,Benzina,pre,141,986,2.1379523326572007,0.06672719488859392,2.119,2.169,0.029999999999999805,0.02231237322515213,0.04999999999999982
PU,Marche,Gasolio,post,142,1418,2.2614097320169253,0.1179573291796529,2.19,2.378,0.14500000000000002,0.3998589562764457,0.18800000000000017
PU,Marche,Gasolio,pre,142,993,2.318026183282981,0.10910914611231055,2.288,2.379,0.058000000000000274,0.023162134944612285,0.09100000000000019
PV,Lombardia,Benzina,post,181,1810,2.077160220994475,0.08491730942169756,1.99,2.189,0.15500000000000003,0.3629834254143646,0.19900000000000007
PV,Lombardia,Benzina,pre,181,1266,2.154160347551343,0.04820493512405032,2.119,2.199,0.03000000000000025,0.016587677725118485,0.07999999999999963
PV,Lombardia,Gasolio,post,181,1810,2.2840342541436462,0.09589709069912761,2.19,2.399,0.16000000000000014,0.40552486187845305,0.20900000000000007
PV,Lombardia,Gasolio,pre,181,1266,2.3486840442338073,0.07003996384726449,2.289,2.415,0.06999999999999984,0.022906793048973143,0.1259999999999999
PZ,Basilicata,Benzina,post,145,1450,2.0813972413793103,0.1115269921215525,1.99,2.199,0.18799999999999994,0.42482758620689653,0.20899999999999985
PZ,Basilicata,Benzina,pre,145,1015,2.1668118226600983,0.0813761268543948,2.129,2.224,0.040000000000000036,0.027586206896551724,0.0950000000000002
PZ,Basilicata,Gasolio,post,145,1449,2.2708695652173914,0.12745945717614196,2.19,2.399,0.16400000000000015,0.46238785369220153,0.20900000000000007
PZ,Basilicata,Gasolio,pre,145,1015,2.3461773399014776,0.11316676214357695,2.299,2.424,0.06800000000000006,0.04039408866995074,0.125
RA,Emilia-Romagna,Benzina,post,142,1420,2.0646901408450704,0.08242851842495637,1.99,2.159,0.1439999999999999,0.38661971830985914,0.16899999999999982
RA,Emilia-Romagna,Benzina,pre,142,993,2.1412396777442098,0.054356971952970866,2.109,2.189,0.03999999999999959,0.014098690835850957,0.08000000000000007
RA,Emilia-Romagna,Gasolio,post,141,1409,2.2733278921220723,0.08054931487173897,2.19,2.389,0.15399999999999991,0.41447835344215755,0.19899999999999984
RA,Emilia-Romagna,Gasolio,pre,141,986,2.346369168356998,0.04767241881266131,2.299,2.399,0.04100000000000037,0.014198782961460446,0.10000000000000009
RC,Calabria,Benzina,post,181,1805,2.0779650969529087,0.08990534811255362,1.99,2.199,0.17500000000000004,0.4393351800554017,0.20899999999999985
RC,Calabria,Benzina,pre,180,1260,2.176663492063492,0.03726567051690601,2.145,2.209,0.040000000000000036,0.005555555555555556,0.06400000000000006
RC,Calabria,Gasolio,post,181,1805,2.279080886426593,0.08780415048154494,2.19,2.399,0.16900000000000004,0.467590027700831,0.20900000000000007
RC,Calabria,Gasolio,pre,180,1260,2.362806349206349,0.04244511242615805,2.319,2.409,0.04999999999999982,0.011111111111111112,0.08999999999999986
RE,Emilia-Romagna,Benzina,post,190,1898,2.06004478398314,0.08071283364302873,1.99,2.169,0.139,0.410958904109589,0.17900000000000005
RE,Emilia-Romagna,Benzina,pre,189,1322,2.1507670196671707,0.05056285946271034,2.119,2.199,0.040000000000000036,0.00529500756429652,0.07999999999999963
RE,Emilia-Romagna,Gasolio,post,187,1868,2.2678543897216272,0.09090700615213282,2.19,2.389,0.13400000000000034,0.43736616702355463,0.19899999999999984
RE,Emilia-Romagna,Gasolio,pre,186,1299,2.347044649730562,0.06788600416216903,2.299,2.399,0.04999999999999982,0.01077752117013087,0.10000000000000009
RG,Sicilia,Benzina,post,149,1489,2.0798938885157825,0.084649670346525,1.99,2.189,0.16899999999999982,0.39355271994627267,0.19900000000000007
RG,Sicilia,Benzina,pre,148,1036,2.1613339768339768,0.031660830034429224,2.144,2.189,0.029999999999999805,0.013513513513513514,0.04499999999999993
RG,Sicilia,Gasolio,post,149,1488,2.2831041666666665,0.09464429160209552,2.19,2.409,0.18400000000000016,0.4334677419354839,0.21899999999999986
RG,Sicilia,Gasolio,pre,148,1032,2.368111434108527,0.05093427979725557,2.339,2.409,0.04999999999999982,0.013565891472868217,0.06999999999999984
RI,Lazio,Benzina,post,79,788,2.077017766497462,0.11698589577814617,1.99,2.199,0.17900000000000005,0.3883248730964467,0.20899999999999985
RI,Lazio,Benzina,pre,79,547,2.141305301645338,0.10043429516770534,2.094,2.199,0.04900000000000038,0.06398537477148081,0.10499999999999998
RI,Lazio,Gasolio,post,79,788,2.261213197969543,0.14294131237560725,2.189,2.399,0.16000000000000014,0.42385786802030456,0.20999999999999996
RI,Lazio,Gasolio,pre,79,547,2.311570383912249,0.13890883009126848,2.224,2.399,0.06200000000000028,0.08957952468007313,0.17499999999999982
RM,Lazio,Benzina,post,1142,11396,2.0481901544401544,0.08876415346003003,1.99,2.179,0.12900000000000023,0.5681818181818182,0.18899999999999983
RM,Lazio,Benzina,pre,1141,7977,2.1469147549203957,0.06517235465750075,2.109,2.199,0.04899999999999993,0.022940955246333206,0.08999999999999986
RM,Lazio,Gasolio,post,1136,11335,2.2528274371415966,0.09988326540454366,2.19,2.399,0.10899999999999999,0.5899426554918394,0.20900000000000007
RM,Lazio,Gasolio,pre,1135,7931,2.335497793468667,0.0849977558574651,2.289,2.399,0.06000000000000005,0.032782751229353174,0.10999999999999988
RN,Emilia-Romagna,Benzina,post,121,1209,2.0652977667493797,0.07746050480477831,1.99,2.159,0.13400000000000012,0.4119106699751861,0.16899999999999982
RN,Emilia-Romagna,Benzina,pre,121,847,2.1392786304604487,0.03494234094271779,2.114,2.169,0.029999999999999805,0.0,0.05500000000000016
RN,Emilia-Romagna,Gasolio,post,120,1200,2.2712208333333335,0.07238533527776815,2.19,2.384,0.13800000000000034,0.435,0.19399999999999995
RN,Emilia-Romagna,Gasolio,pre,120,836,2.3380693779904305,0.036888015938135954,2.299,2.39,0.040999999999999925,0.008373205741626795,0.09100000000000019
RO,Veneto,Benzina,post,122,1220,2.044140163934426,0.12865631392979124,1.989,2.159,0.1489999999999998,0.42131147540983604,0.1699999999999997
RO,Veneto,Benzina,pre,122,850,2.1107117647058824,0.12804533199750825,2.114,2.169,0.03599999999999959,0.07411764705882352,0.05500000000000016
RO,Veneto,Gasolio,post,121,1210,2.2211223140495866,0.18850050384102823,2.189,2.359,0.129,0.4677685950413223,0.16999999999999993
RO,Veneto,Gasolio,pre,121,843,2.278570581257414,0.1959950934671604,2.274,2.379,0.050000000000000266,0.07473309608540925,0.10499999999999998
SA,Campania,Benzina,post,338,3380,2.0915257396449705,0.10140275791909664,1.99,2.199,0.16999999999999993,0.3727810650887574,0.20899999999999985
SA,Campania,Benzina,pre,338,2365,2.165555602536998,0.06265317587847563,2.119,2.216,0.04200000000000026,0.014799154334038054,0.09699999999999998
SA,Campania,Gasolio,post,338,3379,2.283501035809411,0.1044970484742925,2.19,2.409,0.17000000000000037,0.41136430896715004,0.21899999999999986
SA,Campania,Gasolio,pre,338,2365,2.3537154334038055,0.07808302201950897,2.299,2.415,0.06899999999999995,0.015644820295983086,0.1160000000000001
SI,Toscana,Benzina,post,117,1170,2.078353846153846,0.09331461866286153,1.99,2.187,0.1649999999999998,0.44700854700854703,0.19699999999999984
SI,Toscana,Benzina,pre,117,818,2.166559902200489,0.04612345156559025,2.135,2.199,0.029999999999999805,0.011002444987775062,0.06400000000000006
SI,Toscana,Gasolio,post,117,1169,2.2889649272882804,0.09706949901341184,2.19,2.399,0.18400000000000016,0.4602224123182207,0.20900000000000007
SI,Toscana,Gasolio,pre,117,818,2.3642591687041565,0.05098293395593116,2.329,2.41,0.041999999999999815,0.011002444987775062,0.08099999999999996
SO,Lombardia,Benzina,post,62,620,1.9790048387096772,0.21758041978051265,1.629,2.169,0.139,0.5177419354838709,0.54
SO,Lombardia,Benzina,pre,62,433,2.0446004618937645,0.20731134819970354,1.635,2.199,0.06999999999999984,0.21247113163972287,0.5639999999999998
SO,Lombardia,Gasolio,post,62,620,2.162651612903226,0.2521165613326544,1.728,2.389,0.13500000000000023,0.5177419354838709,0.6609999999999998
SO,Lombardia,Gasolio,pre,62,433,2.22035103926097,0.24655540209251306,1.728,2.39,0.10000000000000009,0.21247113163972287,0.6620000000000001
SP,Liguria,Benzina,post,67,670,2.0697626865671643,0.08454477826798623,1.99,2.189,0.17900000000000005,0.4671641791044776,0.19900000000000007
SP,Liguria,Benzina,pre,67,469,2.1621577825159917,0.03596414180718003,2.114,2.199,0.04700000000000015,0.0,0.08499999999999996
SP,Liguria,Gasolio,post,67,670,2.2814164179104477,0.0888921250419515,2.19,2.399,0.18900000000000006,0.48059701492537316,0.20900000000000007
SP,Liguria,Gasolio,pre,67,469,2.3588379530916845,0.04197103408047227,2.299,2.41,0.054999999999999716,0.0021321961620469083,0.11100000000000021
SR,Sicilia,Benzina,post,144,1440,2.071617361111111,0.08981670844577616,1.99,2.189,0.16899999999999982,0.44513888888888886,0.19900000000000007
SR,Sicilia,Benzina,pre,144,1007,2.1648460774577956,0.03836508650881678,2.145,2.198,0.02499999999999991,0.013902681231380337,0.052999999999999936
SR,Sicilia,Gasolio,post,144,1440,2.2800611111111113,0.1015646414256642,2.19,2.419,0.18500000000000005,0.46458333333333335,0.2290000000000001
SR,Sicilia,Gasolio,pre,144,1008,2.3689960317460317,0.0683789312322999,2.329,2.419,0.04999999999999982,0.013888888888888888,0.08999999999999986
SS,Sardegna,Benzina,post,106,1052,2.097921102661597,0.09419035754948928,1.99,2.219,0.18399999999999972,0.344106463878327,0.22899999999999987
SS,Sardegna,Benzina,pre,106,738,2.178329268292683,0.0358812867742574,2.139,2.229,0.041999999999999815,0.0013550135501355014,0.0900000000000003
SS,Sardegna,Gasolio,post,106,1052,2.307652091254753,0.0954368426136773,2.19,2.429,0.20000000000000018,0.36216730038022815,0.23899999999999988
SS,Sardegna,Gasolio,pre,106,738,2.379906504065041,0.0399157618551651,2.339,2.429,0.04999999999999982,0.0013550135501355014,0.08999999999999986
SV,Liguria,Benzina,post,100,1000,2.052141,0.07630408529320253,1.99,2.169,0.1359999999999999,0.546,0.17900000000000005
SV,Liguria,Benzina,pre,100,700,2.151132857142857,0.03504696714393627,2.117,2.189,0.04499999999999993,0.01,0.07200000000000006
SV,Liguria,Gasolio,post,100,1000,2.263628,0.08514464884669616,2.19,2.399,0.14900000000000002,0.554,0.20900000000000007
SV,Liguria,Gasolio,pre,100,700,2.3469185714285716,0.050297574559216796,2.289,2.399,0.05500000000000016,0.01,0.10999999999999988
TA,Puglia,Benzina,post,182,1820,2.07344010989011,0.08977822676510973,1.99,2.199,0.16899999999999982,0.4489010989010989,0.20899999999999985
TA,Puglia,Benzina,pre,182,1274,2.1620902668759814,0.04367428017573079,2.129,2.199,0.029999999999999805,0.012558869701726845,0.06999999999999984
TA,Puglia,Gasolio,post,182,1820,2.2678016483516483,0.09359516943836448,2.19,2.399,0.14900000000000002,0.48626373626373626,0.20900000000000007
TA,Puglia,Gasolio,pre,182,1272,2.3419701257861636,0.07003040176484247,2.289,2.399,0.04700000000000015,0.02908805031446541,0.10999999999999988
TE,Abruzzo,Benzina,post,131,1310,2.068283969465649,0.08759917380230826,1.99,2.189,0.15900000000000003,0.45038167938931295,0.19900000000000007
TE,Abruzzo,Benzina,pre,131,912,2.1460416666666666,0.052942509845123956,2.115,2.199,0.040000000000000036,0.03070175438596491,0.08399999999999963
TE,Abruzzo,Gasolio,post,131,1310,2.2689786259541984,0.09337090744532377,2.19,2.399,0.15700000000000003,0.47404580152671755,0.20900000000000007
TE,Abruzzo,Gasolio,pre,131,912,2.332922149122807,0.07372911133293825,2.289,2.399,0.07000000000000028,0.05263157894736842,0.10999999999999988
TN,Trentino-Alto Adige/Südtirol,Benzina,post,198,1980,2.079570202020202,0.08823541952169976,1.99,2.199,0.16899999999999982,0.4257575757575758,0.20899999999999985
TN,Trentino-Alto Adige/Südtirol,Benzina,pre,198,1385,2.163980505415162,0.0410155271039786,2.119,2.199,0.040999999999999925,0.012996389891696752,0.07999999999999963
TN,Trentino-Alto Adige/Südtirol,Gasolio,post,198,1980,2.2839883838383837,0.0889755595287007,2.19,2.399,0.17500000000000027,0.4383838383838384,0.20900000000000007
TN,Trentino-Alto Adige/Südtirol,Gasolio,pre,198,1385,2.3549696750902527,0.052131951902985245,2.299,2.41,0.0519999999999996,0.018050541516245487,0.11100000000000021
TO,Piemonte,Benzina,post,633,6325,2.065664980237154,0.08827862306281953,1.99,2.179,0.1489999999999998,0.4512252964426878,0.18899999999999983
TO,Piemonte,Benzina,pre,632,4421,2.149631078941416,0.04750912579579707,2.117,2.199,0.040000000000000036,0.008821533589685591,0.08199999999999985
TO,Piemonte,Gasolio,post,632,6313,2.276722160620941,0.09629851720227281,2.19,2.399,0.16900000000000004,0.47425946459686363,0.20900000000000007
TO,Piemonte,Gasolio,pre,631,4414,2.3503359764386045,0.06137438049564311,2.298,2.409,0.05999999999999961,0.01200724966017218,0.11099999999999977
TP,Sicilia,Benzina,post,175,1750,2.1011702857142858,0.09934007306786226,1.99,2.196,0.16600000000000015,0.31542857142857145,0.20600000000000018
TP,Sicilia,Benzina,pre,175,1224,2.174247549019608,0.05731678116953356,2.141,2.199,0.03500000000000014,0.0,0.05799999999999983
TP,Sicilia,Gasolio,post,175,1750,2.2991131428571427,0.09735841957743277,2.19,2.399,0.16000000000000014,0.3354285714285714,0.20900000000000007
TP,Sicilia,Gasolio,pre,175,1223,2.374790678659035,0.05821280176622307,2.329,2.419,0.053999999999999826,0.0,0.08999999999999986
TR,Umbria,Benzina,post,103,1029,2.063082604470359,0.07630456826911089,1.99,2.179,0.139,0.4421768707482993,0.18899999999999983
TR,Umbria,Benzina,pre,103,721,2.148708737864078,0.031220604729165623,2.114,2.184,0.04999999999999982,0.0,0.07000000000000028
TR,Umbria,Gasolio,post,103,1030,2.260121359223301,0.07763342275443398,2.19,2.379,0.13900000000000023,0.5398058252427185,0.18900000000000006
TR,Umbria,Gasolio,pre,103,721,2.3271664355062414,0.04638321696804307,2.297,2.379,0.050000000000000266,0.04160887656033287,0.08199999999999985
TS,Friuli-Venezia Giulia,Benzina,post,30,300,2.0976766666666666,0.10489025378948379,1.99,2.229,0.20899999999999985,0.42,0.2390000000000001
TS,Friuli-Venezia Giulia,Benzina,pre,30,210,2.205961904761905,0.037722462641536066,2.159,2.249,0.06000000000000005,0.0,0.0900000000000003
TS,Friuli-Venezia Giulia,Gasolio,post,30,300,2.3141266666666667,0.11308160232698498,2.19,2.469,0.23499999999999988,0.42333333333333334,0.2789999999999999
TS,Friuli-Venezia Giulia,Gasolio,pre,30,210,2.4062238095238095,0.04923036761457246,2.344,2.459,0.08499999999999996,0.0,0.11500000000000021
TV,Veneto,Benzina,post,290,2900,2.064158275862069,0.07839426001899023,1.99,2.168,0.135,0.4003448275862069,0.17800000000000016
TV,Veneto,Benzina,pre,290,2030,2.1542211822660096,0.05131564153474556,2.127,2.199,0.03000000000000025,0.007389162561576354,0.07200000000000006
TV,Veneto,Gasolio,post,288,2880,2.2650753472222225,0.08852956610201308,2.19,2.389,0.11299999999999999,0.4284722222222222,0.19899999999999984
TV,Veneto,Gasolio,pre,288,2016,2.3472266865079363,0.07377043529561918,2.299,2.399,0.04400000000000004,0.008432539682539682,0.10000000000000009
UD,Friuli-Venezia Giulia,Benzina,post,212,2120,2.07354858490566,0.09680716736146439,1.99,2.199,0.17900000000000005,0.4188679245283019,0.20899999999999985
UD,Friuli-Venezia Giulia,Benzina,pre,212,1484,2.185162398921833,0.06072474104700476,2.138,2.239,0.05400000000000027,0.007412398921832884,0.10099999999999998
UD,Friuli-Venezia Giulia,Gasolio,post,211,2110,2.281383412322275,0.10436885845494318,2.19,2.419,0.18500000000000005,0.44407582938388623,0.2290000000000001
UD,Friuli-Venezia Giulia,Gasolio,pre,211,1475,2.3722650847457625,0.07308479746150638,2.329,2.429,0.04999999999999982,0.009491525423728813,0.09999999999999964
VA,Lombardia,Benzina,post,224,2239,2.071988387673068,0.07512298435504931,1.99,2.169,0.15399999999999991,0.356855739169272,0.17900000000000005
VA,Lombardia,Benzina,pre,224,1567,2.153382897255903,0.03254703112063909,2.129,2.189,0.03000000000000025,0.004467134652201659,0.06000000000000005
VA,Lombardia,Gasolio,post,224,2239,2.283238499330058,0.0841452174724416,2.19,2.399,0.16500000000000004,0.38365341670388564,0.20900000000000007
VA,Lombardia,Gasolio,pre,224,1567,2.3535998723675813,0.049826904209728226,2.318,2.399,0.042999999999999705,0.013401403956604978,0.08099999999999996
VB,Piemonte,Benzina,post,56,560,2.0813767857142857,0.10387550600669576,1.99,2.219,0.17500000000000004,0.46785714285714286,0.22899999999999987
VB,Piemonte,Benzina,pre,56,392,2.1772168367346936,0.0458078542522544,2.129,2.219,0.04999999999999982,0.0,0.08999999999999986
VB,Piemonte,Gasolio,post,56,560,2.2905357142857143,0.10078304587480799,2.19,2.439,0.19399999999999995,0.48214285714285715,0.2490000000000001
VB,Piemonte,Gasolio,pre,56,392,2.3724923469387758,0.04364879531653943,2.317,2.439,0.04999999999999982,0.0,0.12199999999999989
VC,Piemonte,Benzina,post,73,730,2.0513739726027396,0.06970312222254624,1.99,2.149,0.119,0.46986301369863015,0.15900000000000003
VC,Piemonte,Benzina,pre,73,511,2.1341135029354206,0.03693782313696265,2.099,2.169,0.0349999999999997,0.015655577299412915,0.06999999999999984
VC,Piemonte,Gasolio,post,73,730,2.261968493150685,0.07849807801149396,2.19,2.399,0.137,0.4917808219178082,0.20900000000000007
VC,Piemonte,Gasolio,pre,73,511,2.3275088062622307,0.05143020609299848,2.279,2.399,0.05500000000000016,0.015655577299412915,0.1200000000000001
VE,Veneto,Benzina,post,254,2538,2.0556217494089832,0.08130644639896369,1.99,2.159,0.12900000000000023,0.49763593380614657,0.16899999999999982
VE,Veneto,Benzina,pre,254,1778,2.1555500562429697,0.039069840968020186,2.119,2.199,0.04999999999999982,0.0005624296962879641,0.07999999999999963
VE,Veneto,Gasolio,post,251,2508,2.2572962519936204,0.08290759482655223,2.189,2.379,0.10899999999999999,0.5566188197767146,0.18999999999999995
VE,Veneto,Gasolio,pre,251,1756,2.3481315489749433,0.04688979995987819,2.298,2.399,0.05799999999999983,0.004555808656036446,0.10099999999999998
VI,Veneto,Benzina,post,300,2994,2.0598286573146294,0.08886421296867898,1.99,2.169,0.1489999999999998,0.49599198396793587,0.17900000000000005
VI,Veneto,Benzina,pre,300,2098,2.1468031458531933,0.0600613408395264,2.124,2.189,0.020000000000000018,0.013822688274547188,0.06499999999999995
VI,Veneto,Gasolio,post,299,2984,2.2585834450402147,0.10355911606586585,2.19,2.379,0.13900000000000023,0.506367292225201,0.18900000000000006
VI,Veneto,Gasolio,pre,299,2089,2.3380292005744376,0.08929131157712515,2.299,2.399,0.040000000000000036,0.020105313547151747,0.10000000000000009
VR,Veneto,Benzina,post,320,3196,2.066913016270338,0.08752743333602396,1.99,2.179,0.15900000000000003,0.4493116395494368,0.18899999999999983
VR,Veneto,Benzina,pre,320,2235,2.1500299776286353,0.0536784542529334,2.124,2.199,0.03000000000000025,0.012080536912751677,0.07499999999999973
VR,Veneto,Gasolio,post,309,3085,2.2672508914100487,0.0929683673000309,2.19,2.389,0.14900000000000002,0.49238249594813616,0.19899999999999984
VR,Veneto,Gasolio,pre,309,2159,2.3420356646595644,0.07059226556933733,2.299,2.399,0.04300000000000015,0.02176933765632237,0.10000000000000009
VS,Sardegna,Benzina,post,41,403,2.080665012406948,0.08806224868506336,1.99,2.199,0.17900000000000005,0.43672456575682383,0.20899999999999985
VS,Sardegna,Benzina,pre,41,285,2.1738736842105264,0.02979669684829076,2.149,2.219,0.03000000000000025,0.0,0.06999999999999984
VS,Sardegna,Gasolio,post,41,403,2.2882903225806452,0.09517270282925687,2.19,2.399,0.20299999999999985,0.47146401985111663,0.20900000000000007
VS,Sardegna,Gasolio,pre,41,285,2.369621052631579,0.039323373764724126,2.329,2.429,0.06000000000000005,0.0,0.09999999999999964
VT,Lazio,Benzina,post,151,1510,2.0364165562913907,0.14603479842134254,1.989,2.189,0.15900000000000003,0.5158940397350993,0.19999999999999996
VT,Lazio,Benzina,pre,151,1056,2.1191477272727273,0.15052798374576204,2.079,2.199,0.0349999999999997,0.08617424242424243,0.11999999999999966
VT,Lazio,Gasolio,post,151,1509,2.2309045725646124,0.17435175172014813,2.189,2.395,0.15900000000000025,0.5420808482438702,0.20599999999999996
VT,Lazio,Gasolio,pre,151,1056,2.295819128787879,0.1791714751057282,2.189,2.399,0.050000000000000266,0.11931818181818182,0.20999999999999996
VV,Calabria,Benzina,post,52,520,2.081478846153846,0.09135154910934788,1.99,2.199,0.17500000000000004,0.4307692307692308,0.20899999999999985
VV,Calabria,Benzina,pre,52,364,2.1802912087912087,0.03193878148461716,2.149,2.207,0.040000000000000036,0.0,0.05799999999999983
VV,Calabria,Gasolio,post,52,520,2.284676923076923,0.09008317418821628,2.19,2.399,0.18400000000000016,0.45384615384615384,0.20900000000000007
VV,Calabria,Gasolio,pre,52,364,2.3717554945054946,0.04006885392829068,2.325,2.42,0.04999999999999982,0.0,0.09499999999999975
